"날짜","시간","경기","구장","비고","경기날짜및시간","원정팀","원정팀_점수","홈팀_점수","홈팀","비고.1","비고.2","홈팀_결과","원정팀_결과"
"03.08(화)","13:00","넥센 2vs4 한화","대전","-","2016-03-08 13:00","넥센",2,4,"한화","","시범경기","승","패"
"","13:00","LG vs KIA","광주","우천취소","2016-03-08 13:00","LG",NA,NA,"KIA","경기 없는 날","시범경기",NA,NA
"","13:00","삼성 5vs3 NC","마산","-","2016-03-08 13:00","삼성",5,3,"NC","","시범경기","패","승"
"","13:00","두산 5vs5 kt","수원","-","2016-03-08 13:00","두산",5,5,"kt","","시범경기","무","무"
"","13:00","SK 6vs6 롯데","울산","-","2016-03-08 13:00","SK",6,6,"롯데","","시범경기","무","무"
"03.09(수)","13:00","넥센 1vs3 한화","대전","-","2016-03-09 13:00","넥센",1,3,"한화","","시범경기","승","패"
"","13:00","LG 3vs0 KIA","광주","-","2016-03-09 13:00","LG",3,0,"KIA","","시범경기","패","승"
"","13:00","삼성 10vs1 NC","마산","-","2016-03-09 13:00","삼성",10,1,"NC","","시범경기","패","승"
"","13:00","두산 4vs2 kt","수원","-","2016-03-09 13:00","두산",4,2,"kt","","시범경기","패","승"
"","13:00","SK 2vs3 롯데","울산","-","2016-03-09 13:00","SK",2,3,"롯데","","시범경기","승","패"
"03.10(목)","13:00","두산 7vs12 한화","대전","-","2016-03-10 13:00","두산",7,12,"한화","","시범경기","승","패"
"","13:00","SK 4vs3 KIA","광주","-","2016-03-10 13:00","SK",4,3,"KIA","","시범경기","패","승"
"","13:00","LG 6vs4 NC","마산","-","2016-03-10 13:00","LG",6,4,"NC","","시범경기","패","승"
"","13:00","넥센 vs kt","수원","한파취소","2016-03-10 13:00","넥센",NA,NA,"kt","경기 없는 날","시범경기",NA,NA
"","13:00","삼성 10vs5 롯데","울산","-","2016-03-10 13:00","삼성",10,5,"롯데","","시범경기","패","승"
"03.11(금)","13:00","두산 vs 한화","대전","한파취소","2016-03-11 13:00","두산",NA,NA,"한화","경기 없는 날","시범경기",NA,NA
"","13:00","SK vs KIA","광주","한파취소","2016-03-11 13:00","SK",NA,NA,"KIA","경기 없는 날","시범경기",NA,NA
"","13:00","LG 4vs3 NC","마산","-","2016-03-11 13:00","LG",4,3,"NC","","시범경기","패","승"
"","13:00","넥센 vs kt","수원","한파취소","2016-03-11 13:00","넥센",NA,NA,"kt","경기 없는 날","시범경기",NA,NA
"","13:00","삼성 2vs1 롯데","울산","-","2016-03-11 13:00","삼성",2,1,"롯데","","시범경기","패","승"
"03.12(토)","13:00","삼성 3vs5 한화","대전","-","2016-03-12 13:00","삼성",3,5,"한화","","시범경기","승","패"
"","13:00","넥센 8vs9 KIA","광주","-","2016-03-12 13:00","넥센",8,9,"KIA","","시범경기","승","패"
"","13:00","두산 7vs8 NC","마산","-","2016-03-12 13:00","두산",7,8,"NC","","시범경기","승","패"
"","13:00","SK 1vs3 kt","수원","-","2016-03-12 13:00","SK",1,3,"kt","","시범경기","승","패"
"","13:00","LG 8vs5 롯데","울산","-","2016-03-12 13:00","LG",8,5,"롯데","","시범경기","패","승"
"03.13(일)","13:00","삼성 8vs1 한화","대전","-","2016-03-13 13:00","삼성",8,1,"한화","","시범경기","패","승"
"","13:00","넥센 12vs3 KIA","광주","-","2016-03-13 13:00","넥센",12,3,"KIA","","시범경기","패","승"
"","13:00","두산 8vs11 NC","마산","-","2016-03-13 13:00","두산",8,11,"NC","","시범경기","승","패"
"","13:00","SK 7vs1 kt","수원","-","2016-03-13 13:00","SK",7,1,"kt","","시범경기","패","승"
"","13:00","LG 3vs6 롯데","울산","-","2016-03-13 13:00","LG",3,6,"롯데","","시범경기","승","패"
"03.15(화)","13:00","SK 6vs4 넥센","고척","-","2016-03-15 13:00","SK",6,4,"넥센","","시범경기","패","승"
"","13:00","LG 2vs4 한화","대전","-","2016-03-15 13:00","LG",2,4,"한화","","시범경기","승","패"
"","13:00","NC 5vs6 KIA","광주","-","2016-03-15 13:00","NC",5,6,"KIA","","시범경기","승","패"
"","13:00","두산 8vs3 롯데","사직","-","2016-03-15 13:00","두산",8,3,"롯데","","시범경기","패","승"
"","13:00","삼성 4vs5 kt","수원","-","2016-03-15 13:00","삼성",4,5,"kt","","시범경기","승","패"
"03.16(수)","13:00","SK 3vs0 넥센","고척","-","2016-03-16 13:00","SK",3,0,"넥센","","시범경기","패","승"
"","13:00","LG 2vs8 한화","대전","-","2016-03-16 13:00","LG",2,8,"한화","","시범경기","승","패"
"","13:00","NC 1vs2 KIA","광주","-","2016-03-16 13:00","NC",1,2,"KIA","","시범경기","승","패"
"","13:00","두산 8vs2 롯데","사직","-","2016-03-16 13:00","두산",8,2,"롯데","","시범경기","패","승"
"","13:00","삼성 8vs3 kt","수원","-","2016-03-16 13:00","삼성",8,3,"kt","","시범경기","패","승"
"03.17(목)","13:00","두산 7vs1 넥센","고척","-","2016-03-17 13:00","두산",7,1,"넥센","","시범경기","패","승"
"","13:00","SK 7vs4 한화","대전","-","2016-03-17 13:00","SK",7,4,"한화","","시범경기","패","승"
"","13:00","삼성 9vs5 KIA","광주","-","2016-03-17 13:00","삼성",9,5,"KIA","","시범경기","패","승"
"","13:00","NC 2vs2 롯데","사직","-","2016-03-17 13:00","NC",2,2,"롯데","","시범경기","무","무"
"","13:00","LG 5vs6 kt","수원","-","2016-03-17 13:00","LG",5,6,"kt","","시범경기","승","패"
"03.18(금)","13:00","두산 5vs5 넥센","고척","-","2016-03-18 13:00","두산",5,5,"넥센","","시범경기","무","무"
"","13:00","SK vs 한화","대전","우천취소","2016-03-18 13:00","SK",NA,NA,"한화","경기 없는 날","시범경기",NA,NA
"","13:00","삼성 vs KIA","광주","우천취소","2016-03-18 13:00","삼성",NA,NA,"KIA","경기 없는 날","시범경기",NA,NA
"","13:00","NC vs 롯데","사직","우천취소","2016-03-18 13:00","NC",NA,NA,"롯데","경기 없는 날","시범경기",NA,NA
"","13:00","LG 6vs10 kt","수원","-","2016-03-18 13:00","LG",6,10,"kt","","시범경기","승","패"
"03.19(토)","13:00","삼성 3vs7 넥센","고척","-","2016-03-19 13:00","삼성",3,7,"넥센","","시범경기","승","패"
"","13:00","KIA 3vs6 두산","잠실","-","2016-03-19 13:00","KIA",3,6,"두산","","시범경기","승","패"
"","13:00","LG 7vs7 SK","문학","-","2016-03-19 13:00","LG",7,7,"SK","","시범경기","무","무"
"","13:00","한화 12vs20 롯데","사직","-","2016-03-19 13:00","한화",12,20,"롯데","","시범경기","승","패"
"","13:00","kt 2vs1 NC","마산","-","2016-03-19 13:00","kt",2,1,"NC","","시범경기","패","승"
"03.20(일)","13:00","삼성 4vs1 넥센","고척","-","2016-03-20 13:00","삼성",4,1,"넥센","","시범경기","패","승"
"","13:00","KIA 10vs6 두산","잠실","-","2016-03-20 13:00","KIA",10,6,"두산","","시범경기","패","승"
"","13:00","LG 5vs0 SK","문학","-","2016-03-20 13:00","LG",5,0,"SK","","시범경기","패","승"
"","13:00","한화 1vs0 롯데","사직","-","2016-03-20 13:00","한화",1,0,"롯데","","시범경기","패","승"
"","13:00","kt 3vs6 NC","마산","-","2016-03-20 13:00","kt",3,6,"NC","","시범경기","승","패"
"03.22(화)","13:00","롯데 0vs5 넥센","고척","-","2016-03-22 13:00","롯데",0,5,"넥센","","시범경기","승","패"
"","13:00","SK 5vs1 두산","잠실","-","2016-03-22 13:00","SK",5,1,"두산","","시범경기","패","승"
"","13:00","LG 5vs7 삼성","대구","-","2016-03-22 13:00","LG",5,7,"삼성","","시범경기","승","패"
"","13:00","kt 1vs8 KIA","광주","-","2016-03-22 13:00","kt",1,8,"KIA","","시범경기","승","패"
"","13:00","한화 4vs9 NC","마산","-","2016-03-22 13:00","한화",4,9,"NC","","시범경기","승","패"
"03.23(수)","13:00","롯데 5vs6 넥센","고척","-","2016-03-23 13:00","롯데",5,6,"넥센","","시범경기","승","패"
"","13:00","SK 3vs5 두산","잠실","-","2016-03-23 13:00","SK",3,5,"두산","","시범경기","승","패"
"","13:00","LG 12vs8 삼성","대구","-","2016-03-23 13:00","LG",12,8,"삼성","","시범경기","패","승"
"","13:00","kt 8vs0 KIA","광주","-","2016-03-23 13:00","kt",8,0,"KIA","","시범경기","패","승"
"","13:00","한화 8vs4 NC","마산","-","2016-03-23 13:00","한화",8,4,"NC","","시범경기","패","승"
"03.24(목)","13:00","넥센 2vs6 LG","잠실","-","2016-03-24 13:00","넥센",2,6,"LG","","시범경기","승","패"
"","13:00","NC 3vs0 SK","문학","-","2016-03-24 13:00","NC",3,0,"SK","","시범경기","패","승"
"","13:00","kt 5vs3 한화","대전","-","2016-03-24 13:00","kt",5,3,"한화","","시범경기","패","승"
"","13:00","두산 8vs3 삼성","대구","-","2016-03-24 13:00","두산",8,3,"삼성","","시범경기","패","승"
"","17:30","KIA 13vs13 롯데","사직","-","2016-03-24 17:30","KIA",13,13,"롯데","","시범경기","무","무"
"03.25(금)","13:00","넥센 7vs1 LG","잠실","-","2016-03-25 13:00","넥센",7,1,"LG","","시범경기","패","승"
"","13:00","NC 6vs5 SK","문학","-","2016-03-25 13:00","NC",6,5,"SK","","시범경기","패","승"
"","13:00","kt 8vs4 한화","대전","-","2016-03-25 13:00","kt",8,4,"한화","","시범경기","패","승"
"","13:00","두산 vs 삼성","대구","한파취소","2016-03-25 13:00","두산",NA,NA,"삼성","경기 없는 날","시범경기",NA,NA
"","13:00","KIA 11vs5 롯데","사직","-","2016-03-25 13:00","KIA",11,5,"롯데","","시범경기","패","승"
"03.26(토)","13:00","NC 7vs5 넥센","고척","-","2016-03-26 13:00","NC",7,5,"넥센","","시범경기","패","승"
"","13:00","두산 4vs4 LG","잠실","-","2016-03-26 13:00","두산",4,4,"LG","","시범경기","무","무"
"","13:00","SK 2vs5 삼성","대구","-","2016-03-26 13:00","SK",2,5,"삼성","","시범경기","승","패"
"","13:00","롯데 0vs11 kt","수원","-","2016-03-26 13:00","롯데",0,11,"kt","","시범경기","승","패"
"","17:00","한화 1vs3 KIA","광주","-","2016-03-26 17:00","한화",1,3,"KIA","","시범경기","승","패"
"03.27(일)","13:00","NC 8vs3 넥센","고척","-","2016-03-27 13:00","NC",8,3,"넥센","","시범경기","패","승"
"","13:00","두산 1vs0 LG","잠실","-","2016-03-27 13:00","두산",1,0,"LG","","시범경기","패","승"
"","13:00","SK 1vs11 삼성","대구","-","2016-03-27 13:00","SK",1,11,"삼성","","시범경기","승","패"
"","13:00","한화 10vs5 KIA","광주","-","2016-03-27 13:00","한화",10,5,"KIA","","시범경기","패","승"
"","13:00","롯데 3vs5 kt","수원","-","2016-03-27 13:00","롯데",3,5,"kt","","시범경기","승","패"
"04.01(금)","19:00","롯데 2vs1 넥센","고척","-","2016-04-01 19:00","롯데",2,1,"넥센","","정규시즌","패","승"
"","19:00","한화 4vs5 LG","잠실","-","2016-04-01 19:00","한화",4,5,"LG","","정규시즌","승","패"
"","19:00","kt 8vs4 SK","문학","-","2016-04-01 19:00","kt",8,4,"SK","","정규시즌","패","승"
"","19:00","두산 5vs1 삼성","대구","-","2016-04-01 19:00","두산",5,1,"삼성","","정규시즌","패","승"
"","19:00","KIA 4vs5 NC","마산","-","2016-04-01 19:00","KIA",4,5,"NC","","정규시즌","승","패"
"04.02(토)","14:00","롯데 3vs5 넥센","고척","-","2016-04-02 14:00","롯데",3,5,"넥센","","정규시즌","승","패"
"","17:00","한화 7vs8 LG","잠실","-","2016-04-02 17:00","한화",7,8,"LG","","정규시즌","승","패"
"","17:00","kt 3vs4 SK","문학","-","2016-04-02 17:00","kt",3,4,"SK","","정규시즌","승","패"
"","17:00","두산 6vs10 삼성","대구","-","2016-04-02 17:00","두산",6,10,"삼성","","정규시즌","승","패"
"","17:00","KIA 4vs3 NC","마산","-","2016-04-02 17:00","KIA",4,3,"NC","","정규시즌","패","승"
"04.03(일)","14:00","롯데 5vs6 넥센","고척","-","2016-04-03 14:00","롯데",5,6,"넥센","","정규시즌","승","패"
"","14:00","한화 vs LG","잠실","우천취소","2016-04-03 14:00","한화",NA,NA,"LG","경기 없는 날","정규시즌",NA,NA
"","14:00","kt 5vs4 SK","문학","-","2016-04-03 14:00","kt",5,4,"SK","","정규시즌","패","승"
"","14:00","KIA vs NC","마산","우천취소","2016-04-03 14:00","KIA",NA,NA,"NC","경기 없는 날","정규시즌",NA,NA
"","17:00","두산 vs 삼성","대구","우천취소","2016-04-03 17:00","두산",NA,NA,"삼성","경기 없는 날","정규시즌",NA,NA
"04.05(화)","18:30","NC 2vs6 두산","잠실","-","2016-04-05 18:30","NC",2,6,"두산","","정규시즌","승","패"
"","18:30","넥센 5vs9 한화","대전","-","2016-04-05 18:30","넥센",5,9,"한화","","정규시즌","승","패"
"","18:30","LG 1vs4 KIA","광주","-","2016-04-05 18:30","LG",1,4,"KIA","","정규시즌","승","패"
"","18:30","SK 1vs2 롯데","사직","-","2016-04-05 18:30","SK",1,2,"롯데","","정규시즌","승","패"
"","18:30","삼성 3vs8 kt","수원","-","2016-04-05 18:30","삼성",3,8,"kt","","정규시즌","승","패"
"04.06(수)","18:30","NC 0vs2 두산","잠실","-","2016-04-06 18:30","NC",0,2,"두산","","정규시즌","승","패"
"","18:30","넥센 6vs4 한화","대전","-","2016-04-06 18:30","넥센",6,4,"한화","","정규시즌","패","승"
"","18:30","LG vs KIA","광주","우천취소","2016-04-06 18:30","LG",NA,NA,"KIA","경기 없는 날","정규시즌",NA,NA
"","18:30","SK 1vs11 롯데","사직","-","2016-04-06 18:30","SK",1,11,"롯데","","정규시즌","승","패"
"","18:30","삼성 11vs6 kt","수원","-","2016-04-06 18:30","삼성",11,6,"kt","","정규시즌","패","승"
"04.07(목)","18:30","NC 8vs2 두산","잠실","-","2016-04-07 18:30","NC",8,2,"두산","","정규시즌","패","승"
"","18:30","넥센 7vs3 한화","대전","-","2016-04-07 18:30","넥센",7,3,"한화","","정규시즌","패","승"
"","18:30","LG 8vs4 KIA","광주","-","2016-04-07 18:30","LG",8,4,"KIA","","정규시즌","패","승"
"","18:30","SK 8vs3 롯데","사직","-","2016-04-07 18:30","SK",8,3,"롯데","","정규시즌","패","승"
"","18:30","삼성 3vs1 kt","수원","-","2016-04-07 18:30","삼성",3,1,"kt","","정규시즌","패","승"
"04.08(금)","18:30","넥센 4vs6 두산","잠실","-","2016-04-08 18:30","넥센",4,6,"두산","","정규시즌","승","패"
"","18:30","LG 2vs3 SK","문학","-","2016-04-08 18:30","LG",2,3,"SK","","정규시즌","승","패"
"","18:30","삼성 7vs3 롯데","사직","-","2016-04-08 18:30","삼성",7,3,"롯데","","정규시즌","패","승"
"","18:30","한화 4vs5 NC","마산","-","2016-04-08 18:30","한화",4,5,"NC","","정규시즌","승","패"
"","18:30","KIA 0vs4 kt","수원","-","2016-04-08 18:30","KIA",0,4,"kt","","정규시즌","승","패"
"04.09(토)","14:00","삼성 4vs7 롯데","사직","-","2016-04-09 14:00","삼성",4,7,"롯데","","정규시즌","승","패"
"","17:00","넥센 9vs9 두산","잠실","-","2016-04-09 17:00","넥센",9,9,"두산","","정규시즌","무","무"
"","17:00","LG 3vs4 SK","문학","-","2016-04-09 17:00","LG",3,4,"SK","","정규시즌","승","패"
"","17:00","한화 1vs10 NC","마산","-","2016-04-09 17:00","한화",1,10,"NC","","정규시즌","승","패"
"","17:00","KIA 6vs3 kt","수원","-","2016-04-09 17:00","KIA",6,3,"kt","","정규시즌","패","승"
"04.10(일)","14:00","넥센 5vs4 두산","잠실","-","2016-04-10 14:00","넥센",5,4,"두산","","정규시즌","패","승"
"","14:00","삼성 1vs5 롯데","사직","-","2016-04-10 14:00","삼성",1,5,"롯데","","정규시즌","승","패"
"","14:00","한화 2vs1 NC","마산","-","2016-04-10 14:00","한화",2,1,"NC","","정규시즌","패","승"
"","14:00","KIA 6vs9 kt","수원","-","2016-04-10 14:00","KIA",6,9,"kt","","정규시즌","승","패"
"","17:00","LG 6vs7 SK","문학","-","2016-04-10 17:00","LG",6,7,"SK","","정규시즌","승","패"
"04.12(화)","18:30","kt 2vs5 넥센","고척","-","2016-04-12 18:30","kt",2,5,"넥센","","정규시즌","승","패"
"","18:30","롯데 11vs12 LG","잠실","-","2016-04-12 18:30","롯데",11,12,"LG","","정규시즌","승","패"
"","18:30","KIA 7vs6 SK","문학","-","2016-04-12 18:30","KIA",7,6,"SK","","정규시즌","패","승"
"","18:30","두산 8vs2 한화","대전","-","2016-04-12 18:30","두산",8,2,"한화","","정규시즌","패","승"
"","18:30","NC 5vs16 삼성","대구","-","2016-04-12 18:30","NC",5,16,"삼성","","정규시즌","승","패"
"04.13(수)","18:30","kt 7vs6 넥센","고척","-","2016-04-13 18:30","kt",7,6,"넥센","","정규시즌","패","승"
"","18:30","롯데 3vs5 LG","잠실","-","2016-04-13 18:30","롯데",3,5,"LG","","정규시즌","승","패"
"","18:30","KIA 0vs2 SK","문학","-","2016-04-13 18:30","KIA",0,2,"SK","","정규시즌","승","패"
"","18:30","두산 7vs3 한화","대전","-","2016-04-13 18:30","두산",7,3,"한화","","정규시즌","패","승"
"","18:30","NC 7vs2 삼성","대구","-","2016-04-13 18:30","NC",7,2,"삼성","","정규시즌","패","승"
"04.14(목)","18:30","kt 5vs4 넥센","고척","-","2016-04-14 18:30","kt",5,4,"넥센","","정규시즌","패","승"
"","18:30","롯데 9vs0 LG","잠실","-","2016-04-14 18:30","롯데",9,0,"LG","","정규시즌","패","승"
"","18:30","KIA 6vs7 SK","문학","-","2016-04-14 18:30","KIA",6,7,"SK","","정규시즌","승","패"
"","18:30","두산 17vs2 한화","대전","-","2016-04-14 18:30","두산",17,2,"한화","","정규시즌","패","승"
"","18:30","NC 5vs7 삼성","대구","-","2016-04-14 18:30","NC",5,7,"삼성","","정규시즌","승","패"
"04.15(금)","18:30","삼성 2vs7 두산","잠실","-","2016-04-15 18:30","삼성",2,7,"두산","","정규시즌","승","패"
"","18:30","LG 18vs2 한화","대전","-","2016-04-15 18:30","LG",18,2,"한화","","정규시즌","패","승"
"","18:30","넥센 6vs11 KIA","광주","-","2016-04-15 18:30","넥센",6,11,"KIA","","정규시즌","승","패"
"","18:30","롯데 0vs3 NC","마산","-","2016-04-15 18:30","롯데",0,3,"NC","","정규시즌","승","패"
"","18:30","SK 7vs3 kt","수원","-","2016-04-15 18:30","SK",7,3,"kt","","정규시즌","패","승"
"04.16(토)","17:00","삼성 vs 두산","잠실","우천취소","2016-04-16 17:00","삼성",NA,NA,"두산","경기 없는 날","정규시즌",NA,NA
"","17:00","LG vs 한화","대전","우천취소","2016-04-16 17:00","LG",NA,NA,"한화","경기 없는 날","정규시즌",NA,NA
"","17:00","넥센 vs KIA","광주","우천취소","2016-04-16 17:00","넥센",NA,NA,"KIA","경기 없는 날","정규시즌",NA,NA
"","17:00","롯데 vs NC","마산","우천취소","2016-04-16 17:00","롯데",NA,NA,"NC","경기 없는 날","정규시즌",NA,NA
"","17:00","SK vs kt","수원","우천취소","2016-04-16 17:00","SK",NA,NA,"kt","경기 없는 날","정규시즌",NA,NA
"04.17(일)","14:00","삼성 2vs6 두산","잠실","-","2016-04-17 14:00","삼성",2,6,"두산","","정규시즌","승","패"
"","14:00","넥센 2vs1 KIA","광주","-","2016-04-17 14:00","넥센",2,1,"KIA","","정규시즌","패","승"
"","14:00","롯데 8vs5 NC","마산","-","2016-04-17 14:00","롯데",8,5,"NC","","정규시즌","패","승"
"","14:00","SK 10vs6 kt","수원","-","2016-04-17 14:00","SK",10,6,"kt","","정규시즌","패","승"
"","17:00","LG 6vs4 한화","대전","-","2016-04-17 17:00","LG",6,4,"한화","","정규시즌","패","승"
"04.19(화)","18:30","NC 8vs1 LG","잠실","-","2016-04-19 18:30","NC",8,1,"LG","","정규시즌","패","승"
"","18:30","넥센 3vs1 SK","문학","-","2016-04-19 18:30","넥센",3,1,"SK","","정규시즌","패","승"
"","18:30","삼성 2vs7 KIA","광주","-","2016-04-19 18:30","삼성",2,7,"KIA","","정규시즌","승","패"
"","18:30","한화 3vs4 롯데","사직","-","2016-04-19 18:30","한화",3,4,"롯데","","정규시즌","승","패"
"","18:30","두산 3vs2 kt","수원","-","2016-04-19 18:30","두산",3,2,"kt","","정규시즌","패","승"
"04.20(수)","18:30","NC 3vs6 LG","잠실","-","2016-04-20 18:30","NC",3,6,"LG","","정규시즌","승","패"
"","18:30","넥센 1vs9 SK","문학","-","2016-04-20 18:30","넥센",1,9,"SK","","정규시즌","승","패"
"","18:30","삼성 2vs1 KIA","광주","-","2016-04-20 18:30","삼성",2,1,"KIA","","정규시즌","패","승"
"","18:30","한화 4vs10 롯데","사직","-","2016-04-20 18:30","한화",4,10,"롯데","","정규시즌","승","패"
"","18:30","두산 13vs4 kt","수원","-","2016-04-20 18:30","두산",13,4,"kt","","정규시즌","패","승"
"04.21(목)","18:30","NC 8vs5 LG","잠실","-","2016-04-21 18:30","NC",8,5,"LG","","정규시즌","패","승"
"","18:30","넥센 2vs3 SK","문학","-","2016-04-21 18:30","넥센",2,3,"SK","","정규시즌","승","패"
"","18:30","삼성 8vs1 KIA","광주","-","2016-04-21 18:30","삼성",8,1,"KIA","","정규시즌","패","승"
"","18:30","한화 9vs5 롯데","사직","-","2016-04-21 18:30","한화",9,5,"롯데","","정규시즌","패","승"
"","18:30","두산 3vs8 kt","수원","-","2016-04-21 18:30","두산",3,8,"kt","","정규시즌","승","패"
"04.22(금)","18:30","LG 2vs10 넥센","고척","-","2016-04-22 18:30","LG",2,10,"넥센","","정규시즌","승","패"
"","18:30","한화 2vs8 두산","잠실","-","2016-04-22 18:30","한화",2,8,"두산","","정규시즌","승","패"
"","18:30","NC 6vs5 SK","문학","-","2016-04-22 18:30","NC",6,5,"SK","","정규시즌","패","승"
"","18:30","kt 13vs3 삼성","대구","-","2016-04-22 18:30","kt",13,3,"삼성","","정규시즌","패","승"
"","18:30","KIA 5vs7 롯데","사직","-","2016-04-22 18:30","KIA",5,7,"롯데","","정규시즌","승","패"
"04.23(토)","17:00","LG 2vs14 넥센","고척","-","2016-04-23 17:00","LG",2,14,"넥센","","정규시즌","승","패"
"","17:00","한화 2vs3 두산","잠실","-","2016-04-23 17:00","한화",2,3,"두산","","정규시즌","승","패"
"","17:00","NC 2vs8 SK","문학","-","2016-04-23 17:00","NC",2,8,"SK","","정규시즌","승","패"
"","17:00","kt 11vs6 삼성","대구","-","2016-04-23 17:00","kt",11,6,"삼성","","정규시즌","패","승"
"","17:00","KIA 16vs10 롯데","사직","-","2016-04-23 17:00","KIA",16,10,"롯데","","정규시즌","패","승"
"04.24(일)","14:00","LG 5vs3 넥센","고척","-","2016-04-24 14:00","LG",5,3,"넥센","","정규시즌","패","승"
"","14:00","NC 2vs3 SK","문학","-","2016-04-24 14:00","NC",2,3,"SK","","정규시즌","승","패"
"","14:00","kt 0vs6 삼성","대구","-","2016-04-24 14:00","kt",0,6,"삼성","","정규시즌","승","패"
"","14:00","KIA 11vs4 롯데","사직","-","2016-04-24 14:00","KIA",11,4,"롯데","","정규시즌","패","승"
"","17:00","한화 1vs5 두산","잠실","-","2016-04-24 17:00","한화",1,5,"두산","","정규시즌","승","패"
"04.26(화)","18:30","SK 3vs4 두산","잠실","-","2016-04-26 18:30","SK",3,4,"두산","","정규시즌","승","패"
"","18:30","KIA 2vs4 한화","대전","-","2016-04-26 18:30","KIA",2,4,"한화","","정규시즌","승","패"
"","18:30","LG 2vs0 삼성","대구","-","2016-04-26 18:30","LG",2,0,"삼성","","정규시즌","패","승"
"","18:30","넥센 3vs4 NC","마산","-","2016-04-26 18:30","넥센",3,4,"NC","","정규시즌","승","패"
"","18:30","롯데 1vs2 kt","수원","-","2016-04-26 18:30","롯데",1,2,"kt","","정규시즌","승","패"
"04.27(수)","18:30","SK 3vs1 두산","잠실","-","2016-04-27 18:30","SK",3,1,"두산","","정규시즌","패","승"
"","18:30","KIA vs 한화","대전","우천취소","2016-04-27 18:30","KIA",NA,NA,"한화","경기 없는 날","정규시즌",NA,NA
"","18:30","LG vs 삼성","대구","우천취소","2016-04-27 18:30","LG",NA,NA,"삼성","경기 없는 날","정규시즌",NA,NA
"","18:30","넥센 vs NC","마산","우천취소","2016-04-27 18:30","넥센",NA,NA,"NC","경기 없는 날","정규시즌",NA,NA
"","18:30","롯데 4vs0 kt","수원","-","2016-04-27 18:30","롯데",4,0,"kt","","정규시즌","패","승"
"04.28(목)","18:30","SK 1vs4 두산","잠실","-","2016-04-28 18:30","SK",1,4,"두산","","정규시즌","승","패"
"","18:30","KIA 2vs3 한화","대전","-","2016-04-28 18:30","KIA",2,3,"한화","","정규시즌","승","패"
"","18:30","LG 7vs9 삼성","대구","-","2016-04-28 18:30","LG",7,9,"삼성","","정규시즌","승","패"
"","18:30","넥센 4vs2 NC","마산","-","2016-04-28 18:30","넥센",4,2,"NC","","정규시즌","패","승"
"","18:30","롯데 8vs3 kt","수원","-","2016-04-28 18:30","롯데",8,3,"kt","","정규시즌","패","승"
"04.29(금)","18:30","SK 4vs3 넥센","고척","-","2016-04-29 18:30","SK",4,3,"넥센","","정규시즌","패","승"
"","18:30","kt 3vs4 LG","잠실","-","2016-04-29 18:30","kt",3,4,"LG","","정규시즌","승","패"
"","18:30","삼성 5vs10 한화","대전","-","2016-04-29 18:30","삼성",5,10,"한화","","정규시즌","승","패"
"","18:30","두산 1vs4 KIA","광주","-","2016-04-29 18:30","두산",1,4,"KIA","","정규시즌","승","패"
"","18:30","NC 6vs3 롯데","사직","-","2016-04-29 18:30","NC",6,3,"롯데","","정규시즌","패","승"
"04.30(토)","17:00","SK 5vs1 넥센","고척","-","2016-04-30 17:00","SK",5,1,"넥센","","정규시즌","패","승"
"","17:00","kt 3vs2 LG","잠실","-","2016-04-30 17:00","kt",3,2,"LG","","정규시즌","패","승"
"","17:00","삼성 6vs3 한화","대전","-","2016-04-30 17:00","삼성",6,3,"한화","","정규시즌","패","승"
"","17:00","두산 7vs5 KIA","광주","-","2016-04-30 17:00","두산",7,5,"KIA","","정규시즌","패","승"
"","17:00","NC 8vs1 롯데","사직","-","2016-04-30 17:00","NC",8,1,"롯데","","정규시즌","패","승"
"05.01(일)","14:00","SK 1vs11 넥센","고척","-","2016-05-01 14:00","SK",1,11,"넥센","","정규시즌","승","패"
"","14:00","kt 2vs4 LG","잠실","-","2016-05-01 14:00","kt",2,4,"LG","","정규시즌","승","패"
"","14:00","삼성 8vs9 한화","대전","-","2016-05-01 14:00","삼성",8,9,"한화","","정규시즌","승","패"
"","14:00","NC 5vs2 롯데","사직","-","2016-05-01 14:00","NC",5,2,"롯데","","정규시즌","패","승"
"","17:00","두산 4vs1 KIA","광주","-","2016-05-01 17:00","두산",4,1,"KIA","","정규시즌","패","승"
"05.03(화)","18:30","두산 vs LG","잠실","우천취소","2016-05-03 18:30","두산",NA,NA,"LG","경기 없는 날","정규시즌",NA,NA
"","18:30","한화 7vs2 SK","문학","-","2016-05-03 18:30","한화",7,2,"SK","","정규시즌","패","승"
"","18:30","넥센 5vs0 삼성","대구","-","2016-05-03 18:30","넥센",5,0,"삼성","","정규시즌","패","승"
"","18:30","롯데 2vs3 KIA","광주","-","2016-05-03 18:30","롯데",2,3,"KIA","","정규시즌","승","패"
"","18:30","NC vs kt","수원","우천취소","2016-05-03 18:30","NC",NA,NA,"kt","경기 없는 날","정규시즌",NA,NA
"05.04(수)","18:30","두산 17vs1 LG","잠실","-","2016-05-04 18:30","두산",17,1,"LG","","정규시즌","패","승"
"","18:30","한화 1vs5 SK","문학","-","2016-05-04 18:30","한화",1,5,"SK","","정규시즌","승","패"
"","18:30","넥센 6vs3 삼성","대구","-","2016-05-04 18:30","넥센",6,3,"삼성","","정규시즌","패","승"
"","18:30","롯데 2vs3 KIA","광주","-","2016-05-04 18:30","롯데",2,3,"KIA","","정규시즌","승","패"
"","18:30","NC 8vs6 kt","수원","-","2016-05-04 18:30","NC",8,6,"kt","","정규시즌","패","승"
"05.05(목)","14:00","두산 7vs8 LG","잠실","-","2016-05-05 14:00","두산",7,8,"LG","","정규시즌","승","패"
"","14:00","한화 6vs19 SK","문학","-","2016-05-05 14:00","한화",6,19,"SK","","정규시즌","승","패"
"","14:00","넥센 2vs5 삼성","대구","-","2016-05-05 14:00","넥센",2,5,"삼성","","정규시즌","승","패"
"","14:00","롯데 1vs17 KIA","광주","-","2016-05-05 14:00","롯데",1,17,"KIA","","정규시즌","승","패"
"","14:00","NC 15vs2 kt","수원","-","2016-05-05 14:00","NC",15,2,"kt","","정규시즌","패","승"
"05.06(금)","18:30","KIA 6vs15 넥센","고척","-","2016-05-06 18:30","KIA",6,15,"넥센","","정규시즌","승","패"
"","18:30","롯데 7vs0 두산","잠실","-","2016-05-06 18:30","롯데",7,0,"두산","","정규시즌","패","승"
"","18:30","SK 4vs5 삼성","대구","-","2016-05-06 18:30","SK",4,5,"삼성","","정규시즌","승","패"
"","18:30","LG 2vs13 NC","마산","-","2016-05-06 18:30","LG",2,13,"NC","","정규시즌","승","패"
"","18:30","한화 3vs10 kt","수원","-","2016-05-06 18:30","한화",3,10,"kt","","정규시즌","승","패"
"05.07(토)","17:00","KIA 3vs4 넥센","고척","-","2016-05-07 17:00","KIA",3,4,"넥센","","정규시즌","승","패"
"","17:00","롯데 5vs0 두산","잠실","-","2016-05-07 17:00","롯데",5,0,"두산","","정규시즌","패","승"
"","17:00","SK 6vs3 삼성","대구","-","2016-05-07 17:00","SK",6,3,"삼성","","정규시즌","패","승"
"","17:00","LG 1vs4 NC","마산","-","2016-05-07 17:00","LG",1,4,"NC","","정규시즌","승","패"
"","17:00","한화 10vs17 kt","수원","-","2016-05-07 17:00","한화",10,17,"kt","","정규시즌","승","패"
"05.08(일)","14:00","롯데 17vs11 두산","잠실","-","2016-05-08 14:00","롯데",17,11,"두산","","정규시즌","패","승"
"","14:00","SK 7vs8 삼성","대구","-","2016-05-08 14:00","SK",7,8,"삼성","","정규시즌","승","패"
"","14:00","LG 5vs11 NC","마산","-","2016-05-08 14:00","LG",5,11,"NC","","정규시즌","승","패"
"","14:00","한화 4vs7 kt","수원","-","2016-05-08 14:00","한화",4,7,"kt","","정규시즌","승","패"
"","17:00","KIA 6vs7 넥센","고척","-","2016-05-08 17:00","KIA",6,7,"넥센","","정규시즌","승","패"
"05.10(화)","18:30","삼성 9vs3 LG","잠실","-","2016-05-10 18:30","삼성",9,3,"LG","","정규시즌","패","승"
"","18:30","두산 11vs7 SK","문학","-","2016-05-10 18:30","두산",11,7,"SK","","정규시즌","패","승"
"","18:30","NC vs 한화","대전","우천취소","2016-05-10 18:30","NC",NA,NA,"한화","경기 없는 날","정규시즌",NA,NA
"","18:30","kt vs KIA","광주","우천취소","2016-05-10 18:30","kt",NA,NA,"KIA","경기 없는 날","정규시즌",NA,NA
"","18:30","넥센 vs 롯데","사직","우천취소","2016-05-10 18:30","넥센",NA,NA,"롯데","경기 없는 날","정규시즌",NA,NA
"05.11(수)","18:30","삼성 2vs16 LG","잠실","-","2016-05-11 18:30","삼성",2,16,"LG","","정규시즌","승","패"
"","18:30","두산 7vs3 SK","문학","-","2016-05-11 18:30","두산",7,3,"SK","","정규시즌","패","승"
"","18:30","NC 5vs6 한화","대전","-","2016-05-11 18:30","NC",5,6,"한화","","정규시즌","승","패"
"","18:30","kt 3vs8 KIA","광주","-","2016-05-11 18:30","kt",3,8,"KIA","","정규시즌","승","패"
"","18:30","넥센 16vs2 롯데","사직","-","2016-05-11 18:30","넥센",16,2,"롯데","","정규시즌","패","승"
"05.12(목)","18:30","삼성 7vs5 LG","잠실","-","2016-05-12 18:30","삼성",7,5,"LG","","정규시즌","패","승"
"","18:30","두산 2vs5 SK","문학","-","2016-05-12 18:30","두산",2,5,"SK","","정규시즌","승","패"
"","18:30","NC 12vs1 한화","대전","-","2016-05-12 18:30","NC",12,1,"한화","","정규시즌","패","승"
"","18:30","kt 6vs10 KIA","광주","-","2016-05-12 18:30","kt",6,10,"KIA","","정규시즌","승","패"
"","18:30","넥센 1vs8 롯데","사직","-","2016-05-12 18:30","넥센",1,8,"롯데","","정규시즌","승","패"
"05.13(금)","18:30","두산 8vs4 넥센","고척","-","2016-05-13 18:30","두산",8,4,"넥센","","정규시즌","패","승"
"","18:30","SK 1vs2 LG","잠실","-","2016-05-13 18:30","SK",1,2,"LG","","정규시즌","승","패"
"","18:30","롯데 14vs8 삼성","대구","-","2016-05-13 18:30","롯데",14,8,"삼성","","정규시즌","패","승"
"","18:30","한화 2vs4 KIA","광주","-","2016-05-13 18:30","한화",2,4,"KIA","","정규시즌","승","패"
"","18:30","kt 5vs4 NC","마산","-","2016-05-13 18:30","kt",5,4,"NC","","정규시즌","패","승"
"05.14(토)","17:00","두산 12vs2 넥센","고척","-","2016-05-14 17:00","두산",12,2,"넥센","","정규시즌","패","승"
"","17:00","SK 3vs12 LG","잠실","-","2016-05-14 17:00","SK",3,12,"LG","","정규시즌","승","패"
"","17:00","롯데 4vs10 삼성","대구","-","2016-05-14 17:00","롯데",4,10,"삼성","","정규시즌","승","패"
"","17:00","한화 0vs8 KIA","광주","-","2016-05-14 17:00","한화",0,8,"KIA","","정규시즌","승","패"
"","17:00","kt 6vs3 NC","마산","-","2016-05-14 17:00","kt",6,3,"NC","","정규시즌","패","승"
"05.15(일)","14:00","두산 5vs3 넥센","고척","-","2016-05-15 14:00","두산",5,3,"넥센","","정규시즌","패","승"
"","14:00","SK vs LG","잠실","우천취소","2016-05-15 14:00","SK",NA,NA,"LG","경기 없는 날","정규시즌",NA,NA
"","14:00","한화 7vs8 KIA","광주","-","2016-05-15 14:00","한화",7,8,"KIA","","정규시즌","승","패"
"","14:00","kt 2vs2 NC","마산","-","2016-05-15 14:00","kt",2,2,"NC","","정규시즌","무","무"
"","17:00","롯데 8vs3 삼성","대구","-","2016-05-15 17:00","롯데",8,3,"삼성","","정규시즌","패","승"
"05.17(화)","18:30","NC 3vs5 넥센","고척","-","2016-05-17 18:30","NC",3,5,"넥센","","정규시즌","승","패"
"","18:30","KIA 3vs4 두산","잠실","-","2016-05-17 18:30","KIA",3,4,"두산","","정규시즌","승","패"
"","18:30","롯데 3vs7 SK","문학","-","2016-05-17 18:30","롯데",3,7,"SK","","정규시즌","승","패"
"","18:30","LG 9vs7 kt","수원","-","2016-05-17 18:30","LG",9,7,"kt","","정규시즌","패","승"
"","18:30","한화 4vs5 삼성","포항","-","2016-05-17 18:30","한화",4,5,"삼성","","정규시즌","승","패"
"05.18(수)","18:30","NC 6vs9 넥센","고척","-","2016-05-18 18:30","NC",6,9,"넥센","","정규시즌","승","패"
"","18:30","KIA 5vs15 두산","잠실","-","2016-05-18 18:30","KIA",5,15,"두산","","정규시즌","승","패"
"","18:30","롯데 3vs5 SK","문학","-","2016-05-18 18:30","롯데",3,5,"SK","","정규시즌","승","패"
"","18:30","LG 6vs2 kt","수원","-","2016-05-18 18:30","LG",6,2,"kt","","정규시즌","패","승"
"","18:30","한화 2vs13 삼성","포항","-","2016-05-18 18:30","한화",2,13,"삼성","","정규시즌","승","패"
"05.19(목)","18:30","NC 6vs2 넥센","고척","-","2016-05-19 18:30","NC",6,2,"넥센","","정규시즌","패","승"
"","18:30","KIA 3vs8 두산","잠실","-","2016-05-19 18:30","KIA",3,8,"두산","","정규시즌","승","패"
"","18:30","롯데 4vs3 SK","문학","-","2016-05-19 18:30","롯데",4,3,"SK","","정규시즌","패","승"
"","18:30","LG 4vs0 kt","수원","-","2016-05-19 18:30","LG",4,0,"kt","","정규시즌","패","승"
"","18:30","한화 9vs6 삼성","포항","-","2016-05-19 18:30","한화",9,6,"삼성","","정규시즌","패","승"
"05.20(금)","18:30","넥센 3vs4 LG","잠실","-","2016-05-20 18:30","넥센",3,4,"LG","","정규시즌","승","패"
"","18:30","kt 2vs11 한화","대전","-","2016-05-20 18:30","kt",2,11,"한화","","정규시즌","승","패"
"","18:30","SK 4vs5 KIA","광주","-","2016-05-20 18:30","SK",4,5,"KIA","","정규시즌","승","패"
"","18:30","두산 19vs5 롯데","사직","-","2016-05-20 18:30","두산",19,5,"롯데","","정규시즌","패","승"
"","18:30","삼성 12vs2 NC","마산","-","2016-05-20 18:30","삼성",12,2,"NC","","정규시즌","패","승"
"05.21(토)","17:00","넥센 7vs5 LG","잠실","-","2016-05-21 17:00","넥센",7,5,"LG","","정규시즌","패","승"
"","17:00","kt 8vs8 한화","대전","-","2016-05-21 17:00","kt",8,8,"한화","","정규시즌","무","무"
"","17:00","SK 8vs7 KIA","광주","-","2016-05-21 17:00","SK",8,7,"KIA","","정규시즌","패","승"
"","17:00","두산 6vs4 롯데","사직","-","2016-05-21 17:00","두산",6,4,"롯데","","정규시즌","패","승"
"","17:00","삼성 2vs10 NC","마산","-","2016-05-21 17:00","삼성",2,10,"NC","","정규시즌","승","패"
"05.22(일)","14:00","kt 18vs7 한화","대전","-","2016-05-22 14:00","kt",18,7,"한화","","정규시즌","패","승"
"","14:00","SK 4vs7 KIA","광주","-","2016-05-22 14:00","SK",4,7,"KIA","","정규시즌","승","패"
"","14:00","두산 4vs10 롯데","사직","-","2016-05-22 14:00","두산",4,10,"롯데","","정규시즌","승","패"
"","14:00","삼성 8vs9 NC","마산","-","2016-05-22 14:00","삼성",8,9,"NC","","정규시즌","승","패"
"","17:00","넥센 4vs5 LG","잠실","-","2016-05-22 17:00","넥센",4,5,"LG","","정규시즌","승","패"
"05.24(화)","18:30","한화 1vs2 넥센","고척","-","2016-05-24 18:30","한화",1,2,"넥센","","정규시즌","승","패"
"","18:30","kt 5vs8 두산","잠실","-","2016-05-24 18:30","kt",5,8,"두산","","정규시즌","승","패"
"","18:30","KIA 4vs2 삼성","대구","-","2016-05-24 18:30","KIA",4,2,"삼성","","정규시즌","패","승"
"","18:30","SK vs NC","마산","우천취소","2016-05-24 18:30","SK",NA,NA,"NC","경기 없는 날","정규시즌",NA,NA
"","18:30","LG vs 롯데","울산","우천취소","2016-05-24 18:30","LG",NA,NA,"롯데","경기 없는 날","정규시즌",NA,NA
"05.25(수)","18:30","한화 8vs9 넥센","고척","-","2016-05-25 18:30","한화",8,9,"넥센","","정규시즌","승","패"
"","18:30","kt 10vs13 두산","잠실","-","2016-05-25 18:30","kt",10,13,"두산","","정규시즌","승","패"
"","18:30","KIA 3vs6 삼성","대구","-","2016-05-25 18:30","KIA",3,6,"삼성","","정규시즌","승","패"
"","18:30","SK 0vs5 NC","마산","-","2016-05-25 18:30","SK",0,5,"NC","","정규시즌","승","패"
"","18:30","LG 1vs2 롯데","울산","-","2016-05-25 18:30","LG",1,2,"롯데","","정규시즌","승","패"
"05.26(목)","18:30","한화 7vs6 넥센","고척","-","2016-05-26 18:30","한화",7,6,"넥센","","정규시즌","패","승"
"","18:30","kt 3vs6 두산","잠실","-","2016-05-26 18:30","kt",3,6,"두산","","정규시즌","승","패"
"","18:30","KIA 9vs2 삼성","대구","-","2016-05-26 18:30","KIA",9,2,"삼성","","정규시즌","패","승"
"","18:30","SK 9vs6 NC","마산","-","2016-05-26 18:30","SK",9,6,"NC","","정규시즌","패","승"
"","18:30","LG 4vs7 롯데","울산","-","2016-05-26 18:30","LG",4,7,"롯데","","정규시즌","승","패"
"05.27(금)","18:30","LG 1vs5 두산","잠실","-","2016-05-27 18:30","LG",1,5,"두산","","정규시즌","승","패"
"","18:30","삼성 2vs8 SK","문학","-","2016-05-27 18:30","삼성",2,8,"SK","","정규시즌","승","패"
"","18:30","롯데 7vs11 한화","대전","-","2016-05-27 18:30","롯데",7,11,"한화","","정규시즌","승","패"
"","18:30","NC 13vs7 KIA","광주","-","2016-05-27 18:30","NC",13,7,"KIA","","정규시즌","패","승"
"","18:30","넥센 0vs8 kt","수원","-","2016-05-27 18:30","넥센",0,8,"kt","","정규시즌","승","패"
"05.28(토)","17:00","LG 2vs3 두산","잠실","-","2016-05-28 17:00","LG",2,3,"두산","","정규시즌","승","패"
"","17:00","삼성 15vs1 SK","문학","-","2016-05-28 17:00","삼성",15,1,"SK","","정규시즌","패","승"
"","17:00","롯데 6vs9 한화","대전","-","2016-05-28 17:00","롯데",6,9,"한화","","정규시즌","승","패"
"","17:00","NC 13vs5 KIA","광주","-","2016-05-28 17:00","NC",13,5,"KIA","","정규시즌","패","승"
"","17:00","넥센 3vs1 kt","수원","-","2016-05-28 17:00","넥센",3,1,"kt","","정규시즌","패","승"
"05.29(일)","14:00","LG 16vs8 두산","잠실","-","2016-05-29 14:00","LG",16,8,"두산","","정규시즌","패","승"
"","14:00","삼성 9vs6 SK","문학","-","2016-05-29 14:00","삼성",9,6,"SK","","정규시즌","패","승"
"","14:00","NC 9vs8 KIA","광주","-","2016-05-29 14:00","NC",9,8,"KIA","","정규시즌","패","승"
"","14:00","넥센 5vs2 kt","수원","-","2016-05-29 14:00","넥센",5,2,"kt","","정규시즌","패","승"
"","17:00","롯데 2vs9 한화","대전","-","2016-05-29 17:00","롯데",2,9,"한화","","정규시즌","승","패"
"05.31(화)","18:30","삼성 4vs1 넥센","고척","-","2016-05-31 18:30","삼성",4,1,"넥센","","정규시즌","패","승"
"","18:30","KIA 6vs6 LG","잠실","-","2016-05-31 18:30","KIA",6,6,"LG","","정규시즌","무","무"
"","18:30","SK 4vs8 한화","대전","-","2016-05-31 18:30","SK",4,8,"한화","","정규시즌","승","패"
"","18:30","kt 5vs9 롯데","사직","-","2016-05-31 18:30","kt",5,9,"롯데","","정규시즌","승","패"
"","18:30","두산 6vs5 NC","마산","-","2016-05-31 18:30","두산",6,5,"NC","","정규시즌","패","승"
"06.01(수)","18:30","삼성 4vs6 넥센","고척","-","2016-06-01 18:30","삼성",4,6,"넥센","","정규시즌","승","패"
"","18:30","KIA 5vs1 LG","잠실","-","2016-06-01 18:30","KIA",5,1,"LG","","정규시즌","패","승"
"","18:30","SK 7vs2 한화","대전","-","2016-06-01 18:30","SK",7,2,"한화","","정규시즌","패","승"
"","18:30","kt 0vs2 롯데","사직","-","2016-06-01 18:30","kt",0,2,"롯데","","정규시즌","승","패"
"","18:30","두산 1vs5 NC","마산","-","2016-06-01 18:30","두산",1,5,"NC","","정규시즌","승","패"
"06.02(목)","18:30","삼성 14vs6 넥센","고척","-","2016-06-02 18:30","삼성",14,6,"넥센","","정규시즌","패","승"
"","18:30","KIA 1vs9 LG","잠실","-","2016-06-02 18:30","KIA",1,9,"LG","","정규시즌","승","패"
"","18:30","SK 1vs4 한화","대전","-","2016-06-02 18:30","SK",1,4,"한화","","정규시즌","승","패"
"","18:30","kt 2vs1 롯데","사직","-","2016-06-02 18:30","kt",2,1,"롯데","","정규시즌","패","승"
"","18:30","두산 3vs4 NC","마산","-","2016-06-02 18:30","두산",3,4,"NC","","정규시즌","승","패"
"06.03(금)","18:30","SK 1vs4 두산","잠실","-","2016-06-03 18:30","SK",1,4,"두산","","정규시즌","승","패"
"","18:30","한화 4vs3 삼성","대구","-","2016-06-03 18:30","한화",4,3,"삼성","","정규시즌","패","승"
"","18:30","넥센 9vs1 KIA","광주","-","2016-06-03 18:30","넥센",9,1,"KIA","","정규시즌","패","승"
"","18:30","NC 5vs3 롯데","사직","-","2016-06-03 18:30","NC",5,3,"롯데","","정규시즌","패","승"
"","18:30","LG 2vs3 kt","수원","-","2016-06-03 18:30","LG",2,3,"kt","","정규시즌","승","패"
"06.04(토)","17:00","SK 6vs7 두산","잠실","-","2016-06-04 17:00","SK",6,7,"두산","","정규시즌","승","패"
"","17:00","한화 8vs7 삼성","대구","-","2016-06-04 17:00","한화",8,7,"삼성","","정규시즌","패","승"
"","17:00","넥센 vs KIA","광주","우천취소","2016-06-04 17:00","넥센",NA,NA,"KIA","경기 없는 날","정규시즌",NA,NA
"","17:00","NC vs 롯데","사직","우천취소","2016-06-04 17:00","NC",NA,NA,"롯데","경기 없는 날","정규시즌",NA,NA
"","17:00","LG 13vs4 kt","수원","-","2016-06-04 17:00","LG",13,4,"kt","","정규시즌","패","승"
"06.05(일)","17:00","SK 0vs7 두산","잠실","-","2016-06-05 17:00","SK",0,7,"두산","","정규시즌","승","패"
"","17:00","한화 6vs5 삼성","대구","-","2016-06-05 17:00","한화",6,5,"삼성","","정규시즌","패","승"
"","17:00","넥센 4vs3 KIA","광주","-","2016-06-05 17:00","넥센",4,3,"KIA","","정규시즌","패","승"
"","17:00","NC 14vs7 롯데","사직","-","2016-06-05 17:00","NC",14,7,"롯데","","정규시즌","패","승"
"","17:00","LG 2vs10 kt","수원","-","2016-06-05 17:00","LG",2,10,"kt","","정규시즌","승","패"
"06.07(화)","18:30","삼성 8vs5 LG","잠실","-","2016-06-07 18:30","삼성",8,5,"LG","","정규시즌","패","승"
"","18:30","롯데 9vs6 SK","문학","-","2016-06-07 18:30","롯데",9,6,"SK","","정규시즌","패","승"
"","18:30","KIA 3vs5 한화","대전","-","2016-06-07 18:30","KIA",3,5,"한화","","정규시즌","승","패"
"","18:30","넥센 1vs5 NC","마산","-","2016-06-07 18:30","넥센",1,5,"NC","","정규시즌","승","패"
"","18:30","두산 9vs1 kt","수원","-","2016-06-07 18:30","두산",9,1,"kt","","정규시즌","패","승"
"06.08(수)","18:30","삼성 6vs12 LG","잠실","-","2016-06-08 18:30","삼성",6,12,"LG","","정규시즌","승","패"
"","18:30","롯데 3vs2 SK","문학","-","2016-06-08 18:30","롯데",3,2,"SK","","정규시즌","패","승"
"","18:30","KIA 3vs5 한화","대전","-","2016-06-08 18:30","KIA",3,5,"한화","","정규시즌","승","패"
"","18:30","넥센 3vs7 NC","마산","-","2016-06-08 18:30","넥센",3,7,"NC","","정규시즌","승","패"
"","18:30","두산 4vs5 kt","수원","-","2016-06-08 18:30","두산",4,5,"kt","","정규시즌","승","패"
"06.09(목)","18:30","삼성 4vs10 LG","잠실","-","2016-06-09 18:30","삼성",4,10,"LG","","정규시즌","승","패"
"","18:30","롯데 5vs6 SK","문학","-","2016-06-09 18:30","롯데",5,6,"SK","","정규시즌","승","패"
"","18:30","KIA 12vs1 한화","대전","-","2016-06-09 18:30","KIA",12,1,"한화","","정규시즌","패","승"
"","18:30","넥센 4vs16 NC","마산","-","2016-06-09 18:30","넥센",4,16,"NC","","정규시즌","승","패"
"","18:30","두산 7vs4 kt","수원","-","2016-06-09 18:30","두산",7,4,"kt","","정규시즌","패","승"
"06.10(금)","18:30","kt 6vs4 넥센","고척","-","2016-06-10 18:30","kt",6,4,"넥센","","정규시즌","패","승"
"","18:30","롯데 3vs5 두산","잠실","-","2016-06-10 18:30","롯데",3,5,"두산","","정규시즌","승","패"
"","18:30","NC 6vs2 SK","문학","-","2016-06-10 18:30","NC",6,2,"SK","","정규시즌","패","승"
"","18:30","LG 1vs2 한화","대전","-","2016-06-10 18:30","LG",1,2,"한화","","정규시즌","승","패"
"","18:30","삼성 0vs4 KIA","광주","-","2016-06-10 18:30","삼성",0,4,"KIA","","정규시즌","승","패"
"06.11(토)","17:00","kt 2vs3 넥센","고척","-","2016-06-11 17:00","kt",2,3,"넥센","","정규시즌","승","패"
"","17:00","롯데 10vs8 두산","잠실","-","2016-06-11 17:00","롯데",10,8,"두산","","정규시즌","패","승"
"","17:00","NC 7vs6 SK","문학","-","2016-06-11 17:00","NC",7,6,"SK","","정규시즌","패","승"
"","17:00","LG 5vs3 한화","대전","-","2016-06-11 17:00","LG",5,3,"한화","","정규시즌","패","승"
"","17:00","삼성 5vs4 KIA","광주","-","2016-06-11 17:00","삼성",5,4,"KIA","","정규시즌","패","승"
"06.12(일)","17:00","kt 1vs11 넥센","고척","-","2016-06-12 17:00","kt",1,11,"넥센","","정규시즌","승","패"
"","17:00","롯데 4vs5 두산","잠실","-","2016-06-12 17:00","롯데",4,5,"두산","","정규시즌","승","패"
"","17:00","NC 11vs8 SK","문학","-","2016-06-12 17:00","NC",11,8,"SK","","정규시즌","패","승"
"","17:00","LG 5vs6 한화","대전","-","2016-06-12 17:00","LG",5,6,"한화","","정규시즌","승","패"
"","17:00","삼성 10vs7 KIA","광주","-","2016-06-12 17:00","삼성",10,7,"KIA","","정규시즌","패","승"
"06.14(화)","18:30","롯데 6vs9 넥센","고척","-","2016-06-14 18:30","롯데",6,9,"넥센","","정규시즌","승","패"
"","18:30","NC 10vs7 LG","잠실","-","2016-06-14 18:30","NC",10,7,"LG","","정규시즌","패","승"
"","18:30","SK 4vs1 삼성","대구","-","2016-06-14 18:30","SK",4,1,"삼성","","정규시즌","패","승"
"","18:30","두산 8vs6 KIA","광주","-","2016-06-14 18:30","두산",8,6,"KIA","","정규시즌","패","승"
"","18:30","한화 3vs5 kt","수원","-","2016-06-14 18:30","한화",3,5,"kt","","정규시즌","승","패"
"06.15(수)","18:30","롯데 11vs6 넥센","고척","-","2016-06-15 18:30","롯데",11,6,"넥센","","정규시즌","패","승"
"","18:30","NC vs LG","잠실","우천취소","2016-06-15 18:30","NC",NA,NA,"LG","경기 없는 날","정규시즌",NA,NA
"","18:30","SK 13vs3 삼성","대구","-","2016-06-15 18:30","SK",13,3,"삼성","","정규시즌","패","승"
"","18:30","두산 7vs4 KIA","광주","-","2016-06-15 18:30","두산",7,4,"KIA","","정규시즌","패","승"
"","18:30","한화 vs kt","수원","우천취소","2016-06-15 18:30","한화",NA,NA,"kt","경기 없는 날","정규시즌",NA,NA
"06.16(목)","18:30","롯데 7vs10 넥센","고척","-","2016-06-16 18:30","롯데",7,10,"넥센","","정규시즌","승","패"
"","18:30","NC 3vs0 LG","잠실","-","2016-06-16 18:30","NC",3,0,"LG","","정규시즌","패","승"
"","18:30","SK 11vs3 삼성","대구","-","2016-06-16 18:30","SK",11,3,"삼성","","정규시즌","패","승"
"","18:30","두산 13vs4 KIA","광주","-","2016-06-16 18:30","두산",13,4,"KIA","","정규시즌","패","승"
"","18:30","한화 4vs7 kt","수원","-","2016-06-16 18:30","한화",4,7,"kt","","정규시즌","승","패"
"06.17(금)","18:30","KIA 6vs3 LG","잠실","-","2016-06-17 18:30","KIA",6,3,"LG","","정규시즌","패","승"
"","18:30","두산 2vs5 삼성","대구","-","2016-06-17 18:30","두산",2,5,"삼성","","정규시즌","승","패"
"","18:30","SK 12vs1 롯데","사직","-","2016-06-17 18:30","SK",12,1,"롯데","","정규시즌","패","승"
"","18:30","넥센 5vs8 한화","청주","-","2016-06-17 18:30","넥센",5,8,"한화","","정규시즌","승","패"
"","18:30","NC 11vs1 kt","수원","-","2016-06-17 18:30","NC",11,1,"kt","","정규시즌","패","승"
"06.18(토)","17:00","KIA 1vs7 LG","잠실","-","2016-06-18 17:00","KIA",1,7,"LG","","정규시즌","승","패"
"","17:00","두산 6vs5 삼성","대구","-","2016-06-18 17:00","두산",6,5,"삼성","","정규시즌","패","승"
"","17:00","SK 4vs0 롯데","사직","-","2016-06-18 17:00","SK",4,0,"롯데","","정규시즌","패","승"
"","17:00","넥센 11vs6 한화","청주","-","2016-06-18 17:00","넥센",11,6,"한화","","정규시즌","패","승"
"","17:00","NC 7vs3 kt","수원","-","2016-06-18 17:00","NC",7,3,"kt","","정규시즌","패","승"
"06.19(일)","17:00","KIA 9vs5 LG","잠실","-","2016-06-19 17:00","KIA",9,5,"LG","","정규시즌","패","승"
"","17:00","두산 3vs1 삼성","대구","-","2016-06-19 17:00","두산",3,1,"삼성","","정규시즌","패","승"
"","17:00","SK 3vs10 롯데","사직","-","2016-06-19 17:00","SK",3,10,"롯데","","정규시즌","승","패"
"","17:00","넥센 11vs6 한화","청주","-","2016-06-19 17:00","넥센",11,6,"한화","","정규시즌","패","승"
"","17:00","NC 15vs7 kt","수원","-","2016-06-19 17:00","NC",15,7,"kt","","정규시즌","패","승"
"06.21(화)","18:30","삼성 8vs12 넥센","고척","-","2016-06-21 18:30","삼성",8,12,"넥센","","정규시즌","승","패"
"","18:30","kt 1vs12 두산","잠실","-","2016-06-21 18:30","kt",1,12,"두산","","정규시즌","승","패"
"","18:30","LG 9vs5 SK","문학","-","2016-06-21 18:30","LG",9,5,"SK","","정규시즌","패","승"
"","18:30","롯데 6vs9 KIA","광주","-","2016-06-21 18:30","롯데",6,9,"KIA","","정규시즌","승","패"
"","18:30","한화 8vs2 NC","마산","-","2016-06-21 18:30","한화",8,2,"NC","","정규시즌","패","승"
"06.22(수)","18:30","삼성 1vs4 넥센","고척","-","2016-06-22 18:30","삼성",1,4,"넥센","","정규시즌","승","패"
"","18:30","kt vs 두산","잠실","우천취소","2016-06-22 18:30","kt",NA,NA,"두산","경기 없는 날","정규시즌",NA,NA
"","18:30","LG 2vs10 SK","문학","-","2016-06-22 18:30","LG",2,10,"SK","","정규시즌","승","패"
"","18:30","롯데 18vs5 KIA","광주","-","2016-06-22 18:30","롯데",18,5,"KIA","","정규시즌","패","승"
"","18:30","한화 vs NC","마산","우천취소","2016-06-22 18:30","한화",NA,NA,"NC","경기 없는 날","정규시즌",NA,NA
"06.23(목)","18:30","삼성 4vs0 넥센","고척","-","2016-06-23 18:30","삼성",4,0,"넥센","","정규시즌","패","승"
"","18:30","kt 9vs4 두산","잠실","-","2016-06-23 18:30","kt",9,4,"두산","","정규시즌","패","승"
"","18:30","LG 2vs10 SK","문학","-","2016-06-23 18:30","LG",2,10,"SK","","정규시즌","승","패"
"","18:30","롯데 2vs6 KIA","광주","-","2016-06-23 18:30","롯데",2,6,"KIA","","정규시즌","승","패"
"","18:30","한화 3vs3 NC","마산","-","2016-06-23 18:30","한화",3,3,"NC","","정규시즌","무","무"
"06.24(금)","18:30","넥센 7vs9 LG","잠실","-","2016-06-24 18:30","넥센",7,9,"LG","","정규시즌","승","패"
"","18:30","두산 3vs5 SK","문학","-","2016-06-24 18:30","두산",3,5,"SK","","정규시즌","승","패"
"","18:30","롯데 4vs2 한화","대전","-","2016-06-24 18:30","롯데",4,2,"한화","","정규시즌","패","승"
"","18:30","kt 5vs4 삼성","대구","-","2016-06-24 18:30","kt",5,4,"삼성","","정규시즌","패","승"
"","18:30","KIA 6vs2 NC","마산","-","2016-06-24 18:30","KIA",6,2,"NC","","정규시즌","패","승"
"06.25(토)","17:00","넥센 8vs6 LG","잠실","-","2016-06-25 17:00","넥센",8,6,"LG","","정규시즌","패","승"
"","17:00","두산 8vs6 SK","문학","-","2016-06-25 17:00","두산",8,6,"SK","","정규시즌","패","승"
"","17:00","롯데 1vs8 한화","대전","-","2016-06-25 17:00","롯데",1,8,"한화","","정규시즌","승","패"
"","17:00","kt 13vs8 삼성","대구","-","2016-06-25 17:00","kt",13,8,"삼성","","정규시즌","패","승"
"","17:00","KIA 9vs0 NC","마산","-","2016-06-25 17:00","KIA",9,0,"NC","","정규시즌","패","승"
"06.26(일)","17:00","넥센 1vs2 LG","잠실","-","2016-06-26 17:00","넥센",1,2,"LG","","정규시즌","승","패"
"","17:00","두산 5vs6 SK","문학","-","2016-06-26 17:00","두산",5,6,"SK","","정규시즌","승","패"
"","17:00","롯데 12vs4 한화","대전","-","2016-06-26 17:00","롯데",12,4,"한화","","정규시즌","패","승"
"","17:00","kt 8vs11 삼성","대구","-","2016-06-26 17:00","kt",8,11,"삼성","","정규시즌","승","패"
"","17:00","KIA 15vs4 NC","마산","-","2016-06-26 17:00","KIA",15,4,"NC","","정규시즌","패","승"
"06.28(화)","18:30","한화 13vs3 넥센","고척","-","2016-06-28 18:30","한화",13,3,"넥센","","정규시즌","패","승"
"","18:30","NC 3vs12 두산","잠실","-","2016-06-28 18:30","NC",3,12,"두산","","정규시즌","승","패"
"","18:30","LG 2vs11 KIA","광주","-","2016-06-28 18:30","LG",2,11,"KIA","","정규시즌","승","패"
"","18:30","삼성 4vs7 롯데","사직","-","2016-06-28 18:30","삼성",4,7,"롯데","","정규시즌","승","패"
"","18:30","SK 11vs1 kt","수원","-","2016-06-28 18:30","SK",11,1,"kt","","정규시즌","패","승"
"06.29(수)","18:30","한화 4vs7 넥센","고척","-","2016-06-29 18:30","한화",4,7,"넥센","","정규시즌","승","패"
"","18:30","NC 10vs4 두산","잠실","-","2016-06-29 18:30","NC",10,4,"두산","","정규시즌","패","승"
"","18:30","LG 4vs5 KIA","광주","-","2016-06-29 18:30","LG",4,5,"KIA","","정규시즌","승","패"
"","18:30","삼성 4vs5 롯데","사직","-","2016-06-29 18:30","삼성",4,5,"롯데","","정규시즌","승","패"
"","18:30","SK 7vs4 kt","수원","-","2016-06-29 18:30","SK",7,4,"kt","","정규시즌","패","승"
"06.30(목)","18:30","한화 5vs11 넥센","고척","-","2016-06-30 18:30","한화",5,11,"넥센","","정규시즌","승","패"
"","18:30","NC 0vs4 두산","잠실","-","2016-06-30 18:30","NC",0,4,"두산","","정규시즌","승","패"
"","18:30","LG 10vs9 KIA","광주","-","2016-06-30 18:30","LG",10,9,"KIA","","정규시즌","패","승"
"","18:30","삼성 6vs7 롯데","사직","-","2016-06-30 18:30","삼성",6,7,"롯데","","정규시즌","승","패"
"","18:30","SK 5vs10 kt","수원","-","2016-06-30 18:30","SK",5,10,"kt","","정규시즌","승","패"
"07.01(금)","18:30","KIA 7vs10 넥센","고척","-","2016-07-01 18:30","KIA",7,10,"넥센","","정규시즌","승","패"
"","18:30","SK vs LG","잠실","우천취소","2016-07-01 18:30","SK",NA,NA,"LG","경기 없는 날","정규시즌",NA,NA
"","18:30","두산 vs 한화","대전","우천취소","2016-07-01 18:30","두산",NA,NA,"한화","경기 없는 날","정규시즌",NA,NA
"","18:30","kt vs 롯데","사직","우천취소","2016-07-01 18:30","kt",NA,NA,"롯데","경기 없는 날","정규시즌",NA,NA
"","18:30","삼성 vs NC","마산","우천취소","2016-07-01 18:30","삼성",NA,NA,"NC","경기 없는 날","정규시즌",NA,NA
"07.02(토)","18:00","KIA 5vs8 넥센","고척","-","2016-07-02 18:00","KIA",5,8,"넥센","","정규시즌","승","패"
"","18:00","SK 4vs2 LG","잠실","-","2016-07-02 18:00","SK",4,2,"LG","","정규시즌","패","승"
"","18:00","두산 4vs1 한화","대전","-","2016-07-02 18:00","두산",4,1,"한화","","정규시즌","패","승"
"","18:00","kt vs 롯데","사직","우천취소","2016-07-02 18:00","kt",NA,NA,"롯데","경기 없는 날","정규시즌",NA,NA
"","18:00","삼성 vs NC","마산","우천취소","2016-07-02 18:00","삼성",NA,NA,"NC","경기 없는 날","정규시즌",NA,NA
"07.03(일)","18:00","KIA 6vs7 넥센","고척","-","2016-07-03 18:00","KIA",6,7,"넥센","","정규시즌","승","패"
"","18:00","SK 9vs7 LG","잠실","-","2016-07-03 18:00","SK",9,7,"LG","","정규시즌","패","승"
"","18:00","두산 vs 한화","대전","우천취소","2016-07-03 18:00","두산",NA,NA,"한화","경기 없는 날","정규시즌",NA,NA
"","18:00","kt vs 롯데","사직","우천취소","2016-07-03 18:00","kt",NA,NA,"롯데","경기 없는 날","정규시즌",NA,NA
"","18:00","삼성 vs NC","마산","우천취소","2016-07-03 18:00","삼성",NA,NA,"NC","경기 없는 날","정규시즌",NA,NA
"07.05(화)","18:30","넥센 vs 두산","잠실","우천취소","2016-07-05 18:30","넥센",NA,NA,"두산","경기 없는 날","정규시즌",NA,NA
"","18:30","한화 vs SK","문학","우천취소","2016-07-05 18:30","한화",NA,NA,"SK","경기 없는 날","정규시즌",NA,NA
"","18:30","LG 3vs7 삼성","대구","-","2016-07-05 18:30","LG",3,7,"삼성","","정규시즌","승","패"
"","18:30","롯데 vs NC","마산","우천취소","2016-07-05 18:30","롯데",NA,NA,"NC","경기 없는 날","정규시즌",NA,NA
"","18:30","KIA vs kt","수원","우천취소","2016-07-05 18:30","KIA",NA,NA,"kt","경기 없는 날","정규시즌",NA,NA
"07.06(수)","18:30","넥센 6vs5 두산","잠실","-","2016-07-06 18:30","넥센",6,5,"두산","","정규시즌","패","승"
"","18:30","한화 13vs2 SK","문학","-","2016-07-06 18:30","한화",13,2,"SK","","정규시즌","패","승"
"","18:30","LG vs 삼성","대구","우천취소","2016-07-06 18:30","LG",NA,NA,"삼성","경기 없는 날","정규시즌",NA,NA
"","18:30","롯데 3vs12 NC","마산","-","2016-07-06 18:30","롯데",3,12,"NC","","정규시즌","승","패"
"","18:30","KIA 7vs0 kt","수원","-","2016-07-06 18:30","KIA",7,0,"kt","","정규시즌","패","승"
"07.07(목)","18:30","넥센 1vs4 두산","잠실","-","2016-07-07 18:30","넥센",1,4,"두산","","정규시즌","승","패"
"","18:30","한화 14vs4 SK","문학","-","2016-07-07 18:30","한화",14,4,"SK","","정규시즌","패","승"
"","18:30","LG 11vs12 삼성","대구","-","2016-07-07 18:30","LG",11,12,"삼성","","정규시즌","승","패"
"","18:30","롯데 4vs8 NC","마산","-","2016-07-07 18:30","롯데",4,8,"NC","","정규시즌","승","패"
"","18:30","KIA 5vs2 kt","수원","-","2016-07-07 18:30","KIA",5,2,"kt","","정규시즌","패","승"
"07.08(금)","18:30","NC 11vs9 넥센","고척","-","2016-07-08 18:30","NC",11,9,"넥센","","정규시즌","패","승"
"","18:30","KIA 12vs6 두산","잠실","-","2016-07-08 18:30","KIA",12,6,"두산","","정규시즌","패","승"
"","18:30","kt 3vs8 SK","문학","-","2016-07-08 18:30","kt",3,8,"SK","","정규시즌","승","패"
"","18:30","삼성 3vs6 한화","대전","-","2016-07-08 18:30","삼성",3,6,"한화","","정규시즌","승","패"
"","18:30","LG 5vs8 롯데","사직","-","2016-07-08 18:30","LG",5,8,"롯데","","정규시즌","승","패"
"07.09(토)","18:00","NC 4vs7 넥센","고척","-","2016-07-09 18:00","NC",4,7,"넥센","","정규시즌","승","패"
"","18:00","KIA 6vs7 두산","잠실","-","2016-07-09 18:00","KIA",6,7,"두산","","정규시즌","승","패"
"","18:00","kt 8vs6 SK","문학","-","2016-07-09 18:00","kt",8,6,"SK","","정규시즌","패","승"
"","18:00","삼성 4vs4 한화","대전","-","2016-07-09 18:00","삼성",4,4,"한화","","정규시즌","무","무"
"","18:00","LG 12vs13 롯데","사직","-","2016-07-09 18:00","LG",12,13,"롯데","","정규시즌","승","패"
"07.10(일)","18:00","NC 7vs9 넥센","고척","-","2016-07-10 18:00","NC",7,9,"넥센","","정규시즌","승","패"
"","18:00","KIA 13vs3 두산","잠실","-","2016-07-10 18:00","KIA",13,3,"두산","","정규시즌","패","승"
"","18:00","kt 7vs6 SK","문학","-","2016-07-10 18:00","kt",7,6,"SK","","정규시즌","패","승"
"","18:00","삼성 6vs10 한화","대전","-","2016-07-10 18:00","삼성",6,10,"한화","","정규시즌","승","패"
"","18:00","LG 6vs0 롯데","사직","-","2016-07-10 18:00","LG",6,0,"롯데","","정규시즌","패","승"
"07.12(화)","18:30","한화 4vs5 LG","잠실","-","2016-07-12 18:30","한화",4,5,"LG","","정규시즌","승","패"
"","18:30","SK 7vs3 KIA","광주","-","2016-07-12 18:30","SK",7,3,"KIA","","정규시즌","패","승"
"","18:30","두산 9vs5 NC","마산","-","2016-07-12 18:30","두산",9,5,"NC","","정규시즌","패","승"
"","18:30","넥센 7vs5 kt","수원","-","2016-07-12 18:30","넥센",7,5,"kt","","정규시즌","패","승"
"","18:30","롯데 4vs8 삼성","포항","-","2016-07-12 18:30","롯데",4,8,"삼성","","정규시즌","승","패"
"07.13(수)","18:30","한화 7vs5 LG","잠실","-","2016-07-13 18:30","한화",7,5,"LG","","정규시즌","패","승"
"","18:30","SK 3vs4 KIA","광주","-","2016-07-13 18:30","SK",3,4,"KIA","","정규시즌","승","패"
"","18:30","두산 2vs6 NC","마산","-","2016-07-13 18:30","두산",2,6,"NC","","정규시즌","승","패"
"","18:30","넥센 11vs8 kt","수원","-","2016-07-13 18:30","넥센",11,8,"kt","","정규시즌","패","승"
"","18:30","롯데 13vs12 삼성","포항","-","2016-07-13 18:30","롯데",13,12,"삼성","","정규시즌","패","승"
"07.14(목)","18:30","한화 7vs4 LG","잠실","-","2016-07-14 18:30","한화",7,4,"LG","","정규시즌","패","승"
"","18:30","SK 11vs4 KIA","광주","-","2016-07-14 18:30","SK",11,4,"KIA","","정규시즌","패","승"
"","18:30","두산 3vs4 NC","마산","-","2016-07-14 18:30","두산",3,4,"NC","","정규시즌","승","패"
"","18:30","넥센 10vs5 kt","수원","-","2016-07-14 18:30","넥센",10,5,"kt","","정규시즌","패","승"
"","18:30","롯데 4vs2 삼성","포항","-","2016-07-14 18:30","롯데",4,2,"삼성","","정규시즌","패","승"
"07.16(토)","18:00","나눔 4vs8 드림","고척","-","2016-07-16 18:00","나눔",4,8,"드림","","올스타","승","패"
"07.19(화)","18:30","LG 12vs6 넥센","고척","-","2016-07-19 18:30","LG",12,6,"넥센","","정규시즌","패","승"
"","18:30","삼성 1vs3 두산","잠실","-","2016-07-19 18:30","삼성",1,3,"두산","","정규시즌","승","패"
"","18:30","kt 7vs17 한화","대전","-","2016-07-19 18:30","kt",7,17,"한화","","정규시즌","승","패"
"","18:30","KIA 6vs1 롯데","사직","-","2016-07-19 18:30","KIA",6,1,"롯데","","정규시즌","패","승"
"","18:30","SK 5vs4 NC","마산","-","2016-07-19 18:30","SK",5,4,"NC","","정규시즌","패","승"
"07.20(수)","18:30","LG 3vs7 넥센","고척","-","2016-07-20 18:30","LG",3,7,"넥센","","정규시즌","승","패"
"","18:30","삼성 5vs4 두산","잠실","-","2016-07-20 18:30","삼성",5,4,"두산","","정규시즌","패","승"
"","18:30","kt 4vs1 한화","대전","-","2016-07-20 18:30","kt",4,1,"한화","","정규시즌","패","승"
"","18:30","KIA 6vs9 롯데","사직","-","2016-07-20 18:30","KIA",6,9,"롯데","","정규시즌","승","패"
"","18:30","SK 2vs4 NC","마산","-","2016-07-20 18:30","SK",2,4,"NC","","정규시즌","승","패"
"07.21(목)","18:30","LG 4vs7 넥센","고척","-","2016-07-21 18:30","LG",4,7,"넥센","","정규시즌","승","패"
"","18:30","삼성 6vs3 두산","잠실","-","2016-07-21 18:30","삼성",6,3,"두산","","정규시즌","패","승"
"","18:30","kt 1vs8 한화","대전","-","2016-07-21 18:30","kt",1,8,"한화","","정규시즌","승","패"
"","18:30","KIA 1vs10 롯데","사직","-","2016-07-21 18:30","KIA",1,10,"롯데","","정규시즌","승","패"
"","18:30","SK 4vs7 NC","마산","-","2016-07-21 18:30","SK",4,7,"NC","","정규시즌","승","패"
"07.22(금)","18:30","두산 14vs3 LG","잠실","-","2016-07-22 18:30","두산",14,3,"LG","","정규시즌","패","승"
"","18:30","넥센 6vs7 SK","문학","-","2016-07-22 18:30","넥센",6,7,"SK","","정규시즌","승","패"
"","18:30","NC 4vs9 KIA","광주","-","2016-07-22 18:30","NC",4,9,"KIA","","정규시즌","승","패"
"","18:30","한화 2vs10 롯데","사직","-","2016-07-22 18:30","한화",2,10,"롯데","","정규시즌","승","패"
"","18:30","삼성 6vs7 kt","수원","-","2016-07-22 18:30","삼성",6,7,"kt","","정규시즌","승","패"
"07.23(토)","18:00","두산 7vs9 LG","잠실","-","2016-07-23 18:00","두산",7,9,"LG","","정규시즌","승","패"
"","18:00","넥센 10vs2 SK","문학","-","2016-07-23 18:00","넥센",10,2,"SK","","정규시즌","패","승"
"","18:00","NC 5vs0 KIA","광주","-","2016-07-23 18:00","NC",5,0,"KIA","","정규시즌","패","승"
"","18:00","한화 6vs7 롯데","사직","-","2016-07-23 18:00","한화",6,7,"롯데","","정규시즌","승","패"
"","18:00","삼성 12vs2 kt","수원","-","2016-07-23 18:00","삼성",12,2,"kt","","정규시즌","패","승"
"07.24(일)","18:00","두산 3vs2 LG","잠실","-","2016-07-24 18:00","두산",3,2,"LG","","정규시즌","패","승"
"","18:00","넥센 3vs4 SK","문학","-","2016-07-24 18:00","넥센",3,4,"SK","","정규시즌","승","패"
"","18:00","NC 8vs2 KIA","광주","-","2016-07-24 18:00","NC",8,2,"KIA","","정규시즌","패","승"
"","18:00","한화 8vs1 롯데","사직","-","2016-07-24 18:00","한화",8,1,"롯데","","정규시즌","패","승"
"","18:00","삼성 1vs2 kt","수원","-","2016-07-24 18:00","삼성",1,2,"kt","","정규시즌","승","패"
"07.26(화)","18:30","두산 7vs1 넥센","고척","-","2016-07-26 18:30","두산",7,1,"넥센","","정규시즌","패","승"
"","18:30","롯데 12vs10 LG","잠실","-","2016-07-26 18:30","롯데",12,10,"LG","","정규시즌","패","승"
"","18:30","SK 9vs4 한화","대전","-","2016-07-26 18:30","SK",9,4,"한화","","정규시즌","패","승"
"","18:30","NC 5vs4 삼성","대구","-","2016-07-26 18:30","NC",5,4,"삼성","","정규시즌","패","승"
"","18:30","kt 0vs13 KIA","광주","-","2016-07-26 18:30","kt",0,13,"KIA","","정규시즌","승","패"
"07.27(수)","18:30","두산 4vs9 넥센","고척","-","2016-07-27 18:30","두산",4,9,"넥센","","정규시즌","승","패"
"","18:30","롯데 1vs7 LG","잠실","-","2016-07-27 18:30","롯데",1,7,"LG","","정규시즌","승","패"
"","18:30","SK 0vs8 한화","대전","-","2016-07-27 18:30","SK",0,8,"한화","","정규시즌","승","패"
"","18:30","NC 6vs10 삼성","대구","-","2016-07-27 18:30","NC",6,10,"삼성","","정규시즌","승","패"
"","18:30","kt 3vs8 KIA","광주","-","2016-07-27 18:30","kt",3,8,"KIA","","정규시즌","승","패"
"07.28(목)","18:30","두산 1vs12 넥센","고척","-","2016-07-28 18:30","두산",1,12,"넥센","","정규시즌","승","패"
"","18:30","롯데 2vs5 LG","잠실","-","2016-07-28 18:30","롯데",2,5,"LG","","정규시즌","승","패"
"","18:30","SK 8vs12 한화","대전","-","2016-07-28 18:30","SK",8,12,"한화","","정규시즌","승","패"
"","18:30","NC 9vs5 삼성","대구","-","2016-07-28 18:30","NC",9,5,"삼성","","정규시즌","패","승"
"","18:30","kt 3vs9 KIA","광주","-","2016-07-28 18:30","kt",3,9,"KIA","","정규시즌","승","패"
"07.29(금)","18:30","한화 9vs8 두산","잠실","-","2016-07-29 18:30","한화",9,8,"두산","","정규시즌","패","승"
"","18:30","KIA 14vs8 SK","문학","-","2016-07-29 18:30","KIA",14,8,"SK","","정규시즌","패","승"
"","18:30","넥센 5vs6 삼성","대구","-","2016-07-29 18:30","넥센",5,6,"삼성","","정규시즌","승","패"
"","18:30","LG 2vs1 NC","마산","-","2016-07-29 18:30","LG",2,1,"NC","","정규시즌","패","승"
"","18:30","롯데 11vs12 kt","수원","-","2016-07-29 18:30","롯데",11,12,"kt","","정규시즌","승","패"
"07.30(토)","18:00","한화 10vs9 두산","잠실","-","2016-07-30 18:00","한화",10,9,"두산","","정규시즌","패","승"
"","18:00","KIA 2vs1 SK","문학","-","2016-07-30 18:00","KIA",2,1,"SK","","정규시즌","패","승"
"","18:00","넥센 vs 삼성","대구","우천취소","2016-07-30 18:00","넥센",NA,NA,"삼성","경기 없는 날","정규시즌",NA,NA
"","18:00","LG 13vs5 NC","마산","-","2016-07-30 18:00","LG",13,5,"NC","","정규시즌","패","승"
"","18:00","롯데 3vs4 kt","수원","-","2016-07-30 18:00","롯데",3,4,"kt","","정규시즌","승","패"
"07.31(일)","18:00","한화 4vs10 두산","잠실","-","2016-07-31 18:00","한화",4,10,"두산","","정규시즌","승","패"
"","18:00","KIA 6vs5 SK","문학","-","2016-07-31 18:00","KIA",6,5,"SK","","정규시즌","패","승"
"","18:00","넥센 vs 삼성","대구","우천취소","2016-07-31 18:00","넥센",NA,NA,"삼성","경기 없는 날","정규시즌",NA,NA
"","18:00","LG 8vs10 NC","마산","-","2016-07-31 18:00","LG",8,10,"NC","","정규시즌","승","패"
"","18:00","롯데 2vs3 kt","수원","-","2016-07-31 18:00","롯데",2,3,"kt","","정규시즌","승","패"
"08.02(화)","18:30","LG 1vs12 두산","잠실","-","2016-08-02 18:30","LG",1,12,"두산","","정규시즌","승","패"
"","18:30","삼성 vs SK","문학","우천취소","2016-08-02 18:30","삼성",NA,NA,"SK","경기 없는 날","정규시즌",NA,NA
"","18:30","한화 9vs10 KIA","광주","-","2016-08-02 18:30","한화",9,10,"KIA","","정규시즌","승","패"
"","18:30","넥센 vs 롯데","사직","우천취소","2016-08-02 18:30","넥센",NA,NA,"롯데","경기 없는 날","정규시즌",NA,NA
"","18:30","kt vs NC","마산","우천취소","2016-08-02 18:30","kt",NA,NA,"NC","경기 없는 날","정규시즌",NA,NA
"08.03(수)","18:30","LG 7vs5 두산","잠실","-","2016-08-03 18:30","LG",7,5,"두산","","정규시즌","패","승"
"","18:30","삼성 4vs8 SK","문학","-","2016-08-03 18:30","삼성",4,8,"SK","","정규시즌","승","패"
"","18:30","한화 8vs1 KIA","광주","-","2016-08-03 18:30","한화",8,1,"KIA","","정규시즌","패","승"
"","18:30","넥센 5vs6 롯데","사직","-","2016-08-03 18:30","넥센",5,6,"롯데","","정규시즌","승","패"
"","18:30","kt vs NC","마산","우천취소","2016-08-03 18:30","kt",NA,NA,"NC","경기 없는 날","정규시즌",NA,NA
"08.04(목)","18:30","LG 6vs5 두산","잠실","-","2016-08-04 18:30","LG",6,5,"두산","","정규시즌","패","승"
"","18:30","삼성 6vs5 SK","문학","-","2016-08-04 18:30","삼성",6,5,"SK","","정규시즌","패","승"
"","18:30","한화 5vs7 KIA","광주","-","2016-08-04 18:30","한화",5,7,"KIA","","정규시즌","승","패"
"","18:30","넥센 5vs4 롯데","사직","-","2016-08-04 18:30","넥센",5,4,"롯데","","정규시즌","패","승"
"","18:30","kt 2vs9 NC","마산","-","2016-08-04 18:30","kt",2,9,"NC","","정규시즌","승","패"
"08.05(금)","18:30","SK 7vs5 넥센","고척","-","2016-08-05 18:30","SK",7,5,"넥센","","정규시즌","패","승"
"","18:30","kt 1vs12 LG","잠실","-","2016-08-05 18:30","kt",1,12,"LG","","정규시즌","승","패"
"","18:30","NC 4vs14 한화","대전","-","2016-08-05 18:30","NC",4,14,"한화","","정규시즌","승","패"
"","18:30","KIA 5vs8 삼성","대구","-","2016-08-05 18:30","KIA",5,8,"삼성","","정규시즌","승","패"
"","18:30","두산 2vs5 롯데","사직","-","2016-08-05 18:30","두산",2,5,"롯데","","정규시즌","승","패"
"08.06(토)","18:00","SK 7vs6 넥센","고척","-","2016-08-06 18:00","SK",7,6,"넥센","","정규시즌","패","승"
"","18:00","kt 1vs4 LG","잠실","-","2016-08-06 18:00","kt",1,4,"LG","","정규시즌","승","패"
"","18:00","NC 11vs3 한화","대전","-","2016-08-06 18:00","NC",11,3,"한화","","정규시즌","패","승"
"","18:00","KIA 13vs6 삼성","대구","-","2016-08-06 18:00","KIA",13,6,"삼성","","정규시즌","패","승"
"","18:00","두산 1vs11 롯데","사직","-","2016-08-06 18:00","두산",1,11,"롯데","","정규시즌","승","패"
"08.07(일)","18:00","SK 1vs4 넥센","고척","-","2016-08-07 18:00","SK",1,4,"넥센","","정규시즌","승","패"
"","18:00","kt 4vs10 LG","잠실","-","2016-08-07 18:00","kt",4,10,"LG","","정규시즌","승","패"
"","18:00","NC 3vs8 한화","대전","-","2016-08-07 18:00","NC",3,8,"한화","","정규시즌","승","패"
"","18:00","KIA 7vs11 삼성","대구","-","2016-08-07 18:00","KIA",7,11,"삼성","","정규시즌","승","패"
"","18:00","두산 12vs7 롯데","사직","-","2016-08-07 18:00","두산",12,7,"롯데","","정규시즌","패","승"
"08.09(화)","18:30","KIA 4vs11 두산","잠실","-","2016-08-09 18:30","KIA",4,11,"두산","","정규시즌","승","패"
"","18:30","LG 9vs4 SK","문학","-","2016-08-09 18:30","LG",9,4,"SK","","정규시즌","패","승"
"","18:30","삼성 6vs9 한화","대전","-","2016-08-09 18:30","삼성",6,9,"한화","","정규시즌","승","패"
"","18:30","롯데 0vs13 NC","마산","-","2016-08-09 18:30","롯데",0,13,"NC","","정규시즌","승","패"
"","18:30","넥센 6vs2 kt","수원","-","2016-08-09 18:30","넥센",6,2,"kt","","정규시즌","패","승"
"08.10(수)","18:30","KIA 12vs4 두산","잠실","-","2016-08-10 18:30","KIA",12,4,"두산","","정규시즌","패","승"
"","18:30","LG 5vs3 SK","문학","-","2016-08-10 18:30","LG",5,3,"SK","","정규시즌","패","승"
"","18:30","삼성 16vs7 한화","대전","-","2016-08-10 18:30","삼성",16,7,"한화","","정규시즌","패","승"
"","18:30","롯데 5vs7 NC","마산","-","2016-08-10 18:30","롯데",5,7,"NC","","정규시즌","승","패"
"","18:30","넥센 5vs1 kt","수원","-","2016-08-10 18:30","넥센",5,1,"kt","","정규시즌","패","승"
"08.11(목)","18:30","KIA 7vs8 넥센","고척","-","2016-08-11 18:30","KIA",7,8,"넥센","","정규시즌","승","패"
"","18:30","NC 2vs4 LG","잠실","-","2016-08-11 18:30","NC",2,4,"LG","","정규시즌","승","패"
"","18:30","kt 3vs10 SK","문학","-","2016-08-11 18:30","kt",3,10,"SK","","정규시즌","승","패"
"","18:30","두산 6vs1 삼성","대구","-","2016-08-11 18:30","두산",6,1,"삼성","","정규시즌","패","승"
"","18:30","한화 3vs2 롯데","울산","-","2016-08-11 18:30","한화",3,2,"롯데","","정규시즌","패","승"
"08.12(금)","18:30","KIA 8vs2 넥센","고척","-","2016-08-12 18:30","KIA",8,2,"넥센","","정규시즌","패","승"
"","18:30","NC 5vs6 LG","잠실","-","2016-08-12 18:30","NC",5,6,"LG","","정규시즌","승","패"
"","18:30","kt 5vs9 SK","문학","-","2016-08-12 18:30","kt",5,9,"SK","","정규시즌","승","패"
"","18:30","두산 8vs7 삼성","대구","-","2016-08-12 18:30","두산",8,7,"삼성","","정규시즌","패","승"
"","18:30","한화 3vs4 롯데","울산","-","2016-08-12 18:30","한화",3,4,"롯데","","정규시즌","승","패"
"08.13(토)","18:00","넥센 0vs8 두산","잠실","-","2016-08-13 18:00","넥센",0,8,"두산","","정규시즌","승","패"
"","18:00","롯데 3vs4 SK","문학","-","2016-08-13 18:00","롯데",3,4,"SK","","정규시즌","승","패"
"","18:00","LG 5vs8 삼성","대구","-","2016-08-13 18:00","LG",5,8,"삼성","","정규시즌","승","패"
"","18:00","한화 4vs6 KIA","광주","-","2016-08-13 18:00","한화",4,6,"KIA","","정규시즌","승","패"
"","18:00","kt 2vs3 NC","마산","-","2016-08-13 18:00","kt",2,3,"NC","","정규시즌","승","패"
"08.14(일)","18:00","넥센 1vs6 두산","잠실","-","2016-08-14 18:00","넥센",1,6,"두산","","정규시즌","승","패"
"","18:00","롯데 5vs6 SK","문학","-","2016-08-14 18:00","롯데",5,6,"SK","","정규시즌","승","패"
"","18:00","LG 2vs6 삼성","대구","-","2016-08-14 18:00","LG",2,6,"삼성","","정규시즌","승","패"
"","18:00","한화 3vs2 KIA","광주","-","2016-08-14 18:00","한화",3,2,"KIA","","정규시즌","패","승"
"","18:00","kt 6vs5 NC","마산","-","2016-08-14 18:00","kt",6,5,"NC","","정규시즌","패","승"
"08.16(화)","18:30","롯데 1vs8 넥센","고척","-","2016-08-16 18:30","롯데",1,8,"넥센","","정규시즌","승","패"
"","18:30","SK 4vs11 LG","잠실","-","2016-08-16 18:30","SK",4,11,"LG","","정규시즌","승","패"
"","18:30","kt 7vs4 KIA","광주","-","2016-08-16 18:30","kt",7,4,"KIA","","정규시즌","패","승"
"","18:30","두산 13vs3 한화","청주","-","2016-08-16 18:30","두산",13,3,"한화","","정규시즌","패","승"
"","18:30","삼성 12vs5 NC","마산","-","2016-08-16 18:30","삼성",12,5,"NC","","정규시즌","패","승"
"08.17(수)","18:30","롯데 0vs7 넥센","고척","-","2016-08-17 18:30","롯데",0,7,"넥센","","정규시즌","승","패"
"","18:30","SK 10vs6 LG","잠실","-","2016-08-17 18:30","SK",10,6,"LG","","정규시즌","패","승"
"","18:30","kt vs KIA","광주","우천취소","2016-08-17 18:30","kt",NA,NA,"KIA","경기 없는 날","정규시즌",NA,NA
"","18:30","두산 7vs4 한화","청주","-","2016-08-17 18:30","두산",7,4,"한화","","정규시즌","패","승"
"","18:30","삼성 5vs9 NC","마산","-","2016-08-17 18:30","삼성",5,9,"NC","","정규시즌","승","패"
"08.18(목)","18:30","NC 4vs6 넥센","고척","-","2016-08-18 18:30","NC",4,6,"넥센","","정규시즌","승","패"
"","18:30","한화 8vs5 LG","잠실","-","2016-08-18 18:30","한화",8,5,"LG","","정규시즌","패","승"
"","18:30","두산 9vs5 SK","문학","-","2016-08-18 18:30","두산",9,5,"SK","","정규시즌","패","승"
"","18:30","KIA 3vs4 롯데","사직","-","2016-08-18 18:30","KIA",3,4,"롯데","","정규시즌","승","패"
"","18:30","삼성 13vs5 kt","수원","-","2016-08-18 18:30","삼성",13,5,"kt","","정규시즌","패","승"
"08.19(금)","18:30","NC 7vs0 넥센","고척","-","2016-08-19 18:30","NC",7,0,"넥센","","정규시즌","패","승"
"","18:30","한화 2vs3 LG","잠실","-","2016-08-19 18:30","한화",2,3,"LG","","정규시즌","승","패"
"","18:30","두산 8vs3 SK","문학","-","2016-08-19 18:30","두산",8,3,"SK","","정규시즌","패","승"
"","18:30","KIA 10vs9 롯데","사직","-","2016-08-19 18:30","KIA",10,9,"롯데","","정규시즌","패","승"
"","18:30","삼성 13vs6 kt","수원","-","2016-08-19 18:30","삼성",13,6,"kt","","정규시즌","패","승"
"08.20(토)","18:00","삼성 5vs6 넥센","고척","-","2016-08-20 18:00","삼성",5,6,"넥센","","정규시즌","승","패"
"","18:00","NC 3vs13 두산","잠실","-","2016-08-20 18:00","NC",3,13,"두산","","정규시즌","승","패"
"","18:00","LG 2vs3 KIA","광주","-","2016-08-20 18:00","LG",2,3,"KIA","","정규시즌","승","패"
"","18:00","SK 3vs2 롯데","사직","-","2016-08-20 18:00","SK",3,2,"롯데","","정규시즌","패","승"
"","18:00","한화 9vs10 kt","수원","-","2016-08-20 18:00","한화",9,10,"kt","","정규시즌","승","패"
"08.21(일)","18:00","삼성 0vs2 넥센","고척","-","2016-08-21 18:00","삼성",0,2,"넥센","","정규시즌","승","패"
"","18:00","NC 9vs4 두산","잠실","-","2016-08-21 18:00","NC",9,4,"두산","","정규시즌","패","승"
"","18:00","LG 9vs8 KIA","광주","-","2016-08-21 18:00","LG",9,8,"KIA","","정규시즌","패","승"
"","18:00","SK 3vs4 롯데","사직","-","2016-08-21 18:00","SK",3,4,"롯데","","정규시즌","승","패"
"","18:00","한화 12vs6 kt","수원","-","2016-08-21 18:00","한화",12,6,"kt","","정규시즌","패","승"
"08.23(화)","18:30","LG 6vs5 두산","잠실","-","2016-08-23 18:30","LG",6,5,"두산","","정규시즌","패","승"
"","18:30","넥센 vs 한화","대전","우천취소","2016-08-23 18:30","넥센",NA,NA,"한화","경기 없는 날","정규시즌",NA,NA
"","18:30","SK 8vs9 삼성","대구","-","2016-08-23 18:30","SK",8,9,"삼성","","정규시즌","승","패"
"","18:30","KIA 1vs12 NC","마산","-","2016-08-23 18:30","KIA",1,12,"NC","","정규시즌","승","패"
"","18:30","kt 4vs8 롯데","울산","-","2016-08-23 18:30","kt",4,8,"롯데","","정규시즌","승","패"
"08.24(수)","18:30","LG 6vs18 두산","잠실","-","2016-08-24 18:30","LG",6,18,"두산","","정규시즌","승","패"
"","18:30","넥센 12vs6 한화","대전","-","2016-08-24 18:30","넥센",12,6,"한화","","정규시즌","패","승"
"","18:30","SK 4vs3 삼성","대구","-","2016-08-24 18:30","SK",4,3,"삼성","","정규시즌","패","승"
"","18:30","KIA 6vs3 NC","마산","-","2016-08-24 18:30","KIA",6,3,"NC","","정규시즌","패","승"
"","18:30","kt 5vs2 롯데","울산","-","2016-08-24 18:30","kt",5,2,"롯데","","정규시즌","패","승"
"08.25(목)","18:30","LG 9vs4 넥센","고척","-","2016-08-25 18:30","LG",9,4,"넥센","","정규시즌","패","승"
"","18:30","롯데 vs 두산","잠실","우천취소","2016-08-25 18:30","롯데",NA,NA,"두산","경기 없는 날","정규시즌",NA,NA
"","18:30","NC 13vs1 한화","대전","-","2016-08-25 18:30","NC",13,1,"한화","","정규시즌","패","승"
"","18:30","삼성 4vs6 KIA","광주","-","2016-08-25 18:30","삼성",4,6,"KIA","","정규시즌","승","패"
"","18:30","SK 1vs0 kt","수원","-","2016-08-25 18:30","SK",1,0,"kt","","정규시즌","패","승"
"08.26(금)","18:30","LG 3vs2 넥센","고척","-","2016-08-26 18:30","LG",3,2,"넥센","","정규시즌","패","승"
"","18:30","롯데 4vs11 두산","잠실","-","2016-08-26 18:30","롯데",4,11,"두산","","정규시즌","승","패"
"","18:30","NC 4vs7 한화","대전","-","2016-08-26 18:30","NC",4,7,"한화","","정규시즌","승","패"
"","18:30","삼성 vs KIA","광주","우천취소","2016-08-26 18:30","삼성",NA,NA,"KIA","경기 없는 날","정규시즌",NA,NA
"","18:30","SK 1vs5 kt","수원","-","2016-08-26 18:30","SK",1,5,"kt","","정규시즌","승","패"
"08.27(토)","18:00","kt 2vs4 LG","잠실","-","2016-08-27 18:00","kt",2,4,"LG","","정규시즌","승","패"
"","18:00","한화 12vs4 SK","문학","-","2016-08-27 18:00","한화",12,4,"SK","","정규시즌","패","승"
"","18:00","롯데 0vs13 삼성","대구","-","2016-08-27 18:00","롯데",0,13,"삼성","","정규시즌","승","패"
"","18:00","두산 3vs5 KIA","광주","-","2016-08-27 18:00","두산",3,5,"KIA","","정규시즌","승","패"
"","18:00","넥센 7vs6 NC","마산","-","2016-08-27 18:00","넥센",7,6,"NC","","정규시즌","패","승"
"08.28(일)","18:00","kt 11vs4 LG","잠실","-","2016-08-28 18:00","kt",11,4,"LG","","정규시즌","패","승"
"","18:00","한화 9vs1 SK","문학","-","2016-08-28 18:00","한화",9,1,"SK","","정규시즌","패","승"
"","18:00","롯데 vs 삼성","대구","우천취소","2016-08-28 18:00","롯데",NA,NA,"삼성","경기 없는 날","정규시즌",NA,NA
"","18:00","두산 9vs0 KIA","광주","-","2016-08-28 18:00","두산",9,0,"KIA","","정규시즌","패","승"
"","18:00","넥센 vs NC","마산","우천취소","2016-08-28 18:00","넥센",NA,NA,"NC","경기 없는 날","정규시즌",NA,NA
"08.30(화)","18:30","한화 4vs11 두산","잠실","-","2016-08-30 18:30","한화",4,11,"두산","","정규시즌","승","패"
"","18:30","넥센 1vs8 삼성","대구","-","2016-08-30 18:30","넥센",1,8,"삼성","","정규시즌","승","패"
"","18:30","SK 9vs3 KIA","광주","-","2016-08-30 18:30","SK",9,3,"KIA","","정규시즌","패","승"
"","18:30","LG 4vs8 롯데","사직","-","2016-08-30 18:30","LG",4,8,"롯데","","정규시즌","승","패"
"","18:30","NC 5vs3 kt","수원","-","2016-08-30 18:30","NC",5,3,"kt","","정규시즌","패","승"
"08.31(수)","18:30","한화 vs 두산","잠실","우천취소","2016-08-31 18:30","한화",NA,NA,"두산","경기 없는 날","정규시즌",NA,NA
"","18:30","넥센 15vs6 삼성","대구","-","2016-08-31 18:30","넥센",15,6,"삼성","","정규시즌","패","승"
"","18:30","SK 5vs7 KIA","광주","-","2016-08-31 18:30","SK",5,7,"KIA","","정규시즌","승","패"
"","18:30","LG 1vs9 롯데","사직","-","2016-08-31 18:30","LG",1,9,"롯데","","정규시즌","승","패"
"","18:30","NC 11vs0 kt","수원","-","2016-08-31 18:30","NC",11,0,"kt","","정규시즌","패","승"
"09.01(목)","18:30","SK 2vs8 넥센","고척","-","2016-09-01 18:30","SK",2,8,"넥센","","정규시즌","승","패"
"","18:30","kt 0vs1 두산","잠실","-","2016-09-01 18:30","kt",0,1,"두산","","정규시즌","승","패"
"","18:30","LG 7vs2 한화","대전","-","2016-09-01 18:30","LG",7,2,"한화","","정규시즌","패","승"
"","18:30","KIA 16vs8 삼성","대구","-","2016-09-01 18:30","KIA",16,8,"삼성","","정규시즌","패","승"
"","18:30","NC 4vs2 롯데","사직","-","2016-09-01 18:30","NC",4,2,"롯데","","정규시즌","패","승"
"09.02(금)","18:30","SK 9vs10 넥센","고척","-","2016-09-02 18:30","SK",9,10,"넥센","","정규시즌","승","패"
"","18:30","kt 5vs6 두산","잠실","-","2016-09-02 18:30","kt",5,6,"두산","","정규시즌","승","패"
"","18:30","LG 6vs11 한화","대전","-","2016-09-02 18:30","LG",6,11,"한화","","정규시즌","승","패"
"","18:30","KIA vs 삼성","대구","우천취소","2016-09-02 18:30","KIA",NA,NA,"삼성","경기 없는 날","정규시즌",NA,NA
"","18:30","NC vs 롯데","사직","우천취소","2016-09-02 18:30","NC",NA,NA,"롯데","경기 없는 날","정규시즌",NA,NA
"09.03(토)","17:00","한화 13vs11 넥센","고척","-","2016-09-03 17:00","한화",13,11,"넥센","","정규시즌","패","승"
"","17:00","삼성 5vs3 두산","잠실","-","2016-09-03 17:00","삼성",5,3,"두산","","정규시즌","패","승"
"","17:00","롯데 2vs1 KIA","광주","-","2016-09-03 17:00","롯데",2,1,"KIA","","정규시즌","패","승"
"","17:00","SK 10vs7 NC","마산","-","2016-09-03 17:00","SK",10,7,"NC","","정규시즌","패","승"
"","17:00","LG 3vs6 kt","수원","-","2016-09-03 17:00","LG",3,6,"kt","","정규시즌","승","패"
"09.04(일)","14:00","한화 5vs7 넥센","고척","-","2016-09-04 14:00","한화",5,7,"넥센","","정규시즌","승","패"
"","14:00","삼성 5vs7 두산","잠실","-","2016-09-04 14:00","삼성",5,7,"두산","","정규시즌","승","패"
"","14:00","롯데 3vs4 KIA","광주","-","2016-09-04 14:00","롯데",3,4,"KIA","","정규시즌","승","패"
"","14:00","LG 3vs4 kt","수원","-","2016-09-04 14:00","LG",3,4,"kt","","정규시즌","승","패"
"","17:00","SK 9vs4 NC","마산","-","2016-09-04 17:00","SK",9,4,"NC","","정규시즌","패","승"
"09.06(화)","18:30","넥센 2vs5 LG","잠실","-","2016-09-06 18:30","넥센",2,5,"LG","","정규시즌","승","패"
"","18:30","KIA 0vs2 SK","문학","-","2016-09-06 18:30","KIA",0,2,"SK","","정규시즌","승","패"
"","18:30","kt 6vs11 삼성","대구","-","2016-09-06 18:30","kt",6,11,"삼성","","정규시즌","승","패"
"","18:30","두산 7vs9 롯데","사직","-","2016-09-06 18:30","두산",7,9,"롯데","","정규시즌","승","패"
"","18:30","한화 6vs7 NC","마산","-","2016-09-06 18:30","한화",6,7,"NC","","정규시즌","승","패"
"09.07(수)","18:30","넥센 0vs11 LG","잠실","-","2016-09-07 18:30","넥센",0,11,"LG","","정규시즌","승","패"
"","18:30","KIA 3vs11 SK","문학","-","2016-09-07 18:30","KIA",3,11,"SK","","정규시즌","승","패"
"","18:30","kt 13vs9 삼성","대구","-","2016-09-07 18:30","kt",13,9,"삼성","","정규시즌","패","승"
"","18:30","두산 10vs5 롯데","사직","-","2016-09-07 18:30","두산",10,5,"롯데","","정규시즌","패","승"
"","18:30","한화 0vs1 NC","마산","-","2016-09-07 18:30","한화",0,1,"NC","","정규시즌","승","패"
"09.08(목)","18:30","두산 4vs2 LG","잠실","-","2016-09-08 18:30","두산",4,2,"LG","","정규시즌","패","승"
"","18:30","넥센 3vs12 SK","문학","-","2016-09-08 18:30","넥센",3,12,"SK","","정규시즌","승","패"
"","18:30","kt 3vs4 한화","대전","-","2016-09-08 18:30","kt",3,4,"한화","","정규시즌","승","패"
"","18:30","NC 4vs7 KIA","광주","-","2016-09-08 18:30","NC",4,7,"KIA","","정규시즌","승","패"
"","18:30","삼성 4vs5 롯데","사직","-","2016-09-08 18:30","삼성",4,5,"롯데","","정규시즌","승","패"
"09.09(금)","18:30","두산 4vs10 LG","잠실","-","2016-09-09 18:30","두산",4,10,"LG","","정규시즌","승","패"
"","18:30","넥센 1vs4 SK","문학","-","2016-09-09 18:30","넥센",1,4,"SK","","정규시즌","승","패"
"","18:30","kt 1vs2 한화","대전","-","2016-09-09 18:30","kt",1,2,"한화","","정규시즌","승","패"
"","18:30","NC 8vs7 KIA","광주","-","2016-09-09 18:30","NC",8,7,"KIA","","정규시즌","패","승"
"","18:30","삼성 7vs5 롯데","사직","-","2016-09-09 18:30","삼성",7,5,"롯데","","정규시즌","패","승"
"09.10(토)","17:00","두산 1vs9 넥센","고척","-","2016-09-10 17:00","두산",1,9,"넥센","","정규시즌","승","패"
"","17:00","롯데 6vs9 LG","잠실","-","2016-09-10 17:00","롯데",6,9,"LG","","정규시즌","승","패"
"","17:00","SK 0vs14 한화","대전","-","2016-09-10 17:00","SK",0,14,"한화","","정규시즌","승","패"
"","17:00","NC 1vs4 삼성","대구","-","2016-09-10 17:00","NC",1,4,"삼성","","정규시즌","승","패"
"","17:00","KIA 6vs9 kt","수원","-","2016-09-10 17:00","KIA",6,9,"kt","","정규시즌","승","패"
"09.11(일)","14:00","두산 5vs2 넥센","고척","-","2016-09-11 14:00","두산",5,2,"넥센","","정규시즌","패","승"
"","14:00","롯데 8vs12 LG","잠실","-","2016-09-11 14:00","롯데",8,12,"LG","","정규시즌","승","패"
"","14:00","SK 6vs7 한화","대전","-","2016-09-11 14:00","SK",6,7,"한화","","정규시즌","승","패"
"","14:00","NC 0vs2 삼성","대구","-","2016-09-11 14:00","NC",0,2,"삼성","","정규시즌","승","패"
"","17:00","KIA 4vs2 kt","수원","-","2016-09-11 17:00","KIA",4,2,"kt","","정규시즌","패","승"
"09.13(화)","18:30","SK 2vs5 두산","잠실","-","2016-09-13 18:30","SK",2,5,"두산","","정규시즌","승","패"
"","18:30","한화 7vs6 삼성","대구","-","2016-09-13 18:30","한화",7,6,"삼성","","정규시즌","패","승"
"","18:30","넥센 2vs3 KIA","광주","-","2016-09-13 18:30","넥센",2,3,"KIA","","정규시즌","승","패"
"","18:30","LG 4vs3 NC","마산","-","2016-09-13 18:30","LG",4,3,"NC","","정규시즌","패","승"
"","18:30","롯데 9vs2 kt","수원","-","2016-09-13 18:30","롯데",9,2,"kt","","정규시즌","패","승"
"09.14(수)","14:00","SK 0vs6 두산","잠실","-","2016-09-14 14:00","SK",0,6,"두산","","정규시즌","승","패"
"","14:00","한화 6vs9 삼성","대구","-","2016-09-14 14:00","한화",6,9,"삼성","","정규시즌","승","패"
"","14:00","넥센 7vs3 KIA","광주","-","2016-09-14 14:00","넥센",7,3,"KIA","","정규시즌","패","승"
"","14:00","LG 4vs8 NC","마산","-","2016-09-14 14:00","LG",4,8,"NC","","정규시즌","승","패"
"","14:00","롯데 8vs7 kt","수원","-","2016-09-14 14:00","롯데",8,7,"kt","","정규시즌","패","승"
"09.15(목)","14:00","kt 6vs10 넥센","고척","-","2016-09-15 14:00","kt",6,10,"넥센","","정규시즌","승","패"
"","14:00","KIA 3vs5 LG","잠실","-","2016-09-15 14:00","KIA",3,5,"LG","","정규시즌","승","패"
"","14:00","삼성 9vs5 SK","문학","-","2016-09-15 14:00","삼성",9,5,"SK","","정규시즌","패","승"
"","14:00","롯데 6vs7 한화","대전","-","2016-09-15 14:00","롯데",6,7,"한화","","정규시즌","승","패"
"","14:00","두산 4vs3 NC","마산","-","2016-09-15 14:00","두산",4,3,"NC","","정규시즌","패","승"
"09.16(금)","14:00","kt 0vs5 넥센","고척","-","2016-09-16 14:00","kt",0,5,"넥센","","정규시즌","승","패"
"","14:00","KIA 1vs3 LG","잠실","-","2016-09-16 14:00","KIA",1,3,"LG","","정규시즌","승","패"
"","14:00","삼성 13vs10 SK","문학","-","2016-09-16 14:00","삼성",13,10,"SK","","정규시즌","패","승"
"","14:00","롯데 8vs6 한화","대전","-","2016-09-16 14:00","롯데",8,6,"한화","","정규시즌","패","승"
"","14:00","두산 5vs3 NC","마산","-","2016-09-16 14:00","두산",5,3,"NC","","정규시즌","패","승"
"09.17(토)","14:00","삼성 2vs3 LG","잠실","-","2016-09-17 14:00","삼성",2,3,"LG","","정규시즌","승","패"
"","14:00","NC 4vs3 SK","문학","-","2016-09-17 14:00","NC",4,3,"SK","","정규시즌","패","승"
"","14:00","KIA vs 한화","대전","우천취소","2016-09-17 14:00","KIA",NA,NA,"한화","경기 없는 날","정규시즌",NA,NA
"","14:00","넥센 vs 롯데","사직","우천취소","2016-09-17 14:00","넥센",NA,NA,"롯데","경기 없는 날","정규시즌",NA,NA
"","14:00","두산 11vs4 kt","수원","-","2016-09-17 14:00","두산",11,4,"kt","","정규시즌","패","승"
"09.18(일)","14:00","삼성 0vs5 LG","잠실","-","2016-09-18 14:00","삼성",0,5,"LG","","정규시즌","승","패"
"","14:00","NC 13vs7 SK","문학","-","2016-09-18 14:00","NC",13,7,"SK","","정규시즌","패","승"
"","14:00","KIA 3vs1 한화","대전","-","2016-09-18 14:00","KIA",3,1,"한화","","정규시즌","패","승"
"","14:00","두산 11vs1 kt","수원","-","2016-09-18 14:00","두산",11,1,"kt","","정규시즌","패","승"
"","17:00","넥센 6vs13 롯데","사직","-","2016-09-18 17:00","넥센",6,13,"롯데","","정규시즌","승","패"
"09.19(월)","18:30","KIA 4vs2 한화","대전","-","2016-09-19 18:30","KIA",4,2,"한화","","정규시즌","패","승"
"","18:30","넥센 11vs1 롯데","사직","-","2016-09-19 18:30","넥센",11,1,"롯데","","정규시즌","패","승"
"09.20(화)","18:30","삼성 4vs6 두산","잠실","-","2016-09-20 18:30","삼성",4,6,"두산","","정규시즌","승","패"
"","18:30","LG 11vs3 한화","대전","-","2016-09-20 18:30","LG",11,3,"한화","","정규시즌","패","승"
"","18:30","넥센 3vs4 KIA","광주","-","2016-09-20 18:30","넥센",3,4,"KIA","","정규시즌","승","패"
"","18:30","NC 2vs6 kt","수원","-","2016-09-20 18:30","NC",2,6,"kt","","정규시즌","승","패"
"09.21(수)","18:30","NC 1vs1 LG","잠실","-","2016-09-21 18:30","NC",1,1,"LG","","정규시즌","무","무"
"","18:30","롯데 10vs9 삼성","대구","-","2016-09-21 18:30","롯데",10,9,"삼성","","정규시즌","패","승"
"","18:30","넥센 2vs5 KIA","광주","-","2016-09-21 18:30","넥센",2,5,"KIA","","정규시즌","승","패"
"09.22(목)","18:30","kt 2vs9 두산","잠실","-","2016-09-22 18:30","kt",2,9,"두산","","정규시즌","승","패"
"","18:30","NC 7vs2 한화","대전","-","2016-09-22 18:30","NC",7,2,"한화","","정규시즌","패","승"
"09.23(금)","18:30","두산 3vs4 삼성","대구","-","2016-09-23 18:30","두산",3,4,"삼성","","정규시즌","승","패"
"","18:30","KIA 7vs11 NC","마산","-","2016-09-23 18:30","KIA",7,11,"NC","","정규시즌","승","패"
"","18:30","SK 1vs2 kt","수원","-","2016-09-23 18:30","SK",1,2,"kt","","정규시즌","승","패"
"09.24(토)","17:00","한화 12vs7 LG","잠실","-","2016-09-24 17:00","한화",12,7,"LG","","정규시즌","패","승"
"","17:00","넥센 9vs13 삼성","대구","-","2016-09-24 17:00","넥센",9,13,"삼성","","정규시즌","승","패"
"","17:00","롯데 1vs3 NC","마산","-","2016-09-24 17:00","롯데",1,3,"NC","","정규시즌","승","패"
"09.25(일)","14:00","한화 4vs9 SK","문학","-","2016-09-25 14:00","한화",4,9,"SK","","정규시즌","승","패"
"","14:00","넥센 5vs7 삼성","대구","-","2016-09-25 14:00","넥센",5,7,"삼성","","정규시즌","승","패"
"","14:00","롯데 0vs1 NC","마산","-","2016-09-25 14:00","롯데",0,1,"NC","","정규시즌","승","패"
"","14:00","KIA 7vs8 kt","수원","-","2016-09-25 14:00","KIA",7,8,"kt","","정규시즌","승","패"
"09.27(화)","18:30","두산 8vs9 한화","대전","-","2016-09-27 18:30","두산",8,9,"한화","","정규시즌","승","패"
"","18:30","LG 6vs1 KIA","광주","-","2016-09-27 18:30","LG",6,1,"KIA","","정규시즌","패","승"
"","18:30","kt 7vs9 롯데","사직","-","2016-09-27 18:30","kt",7,9,"롯데","","정규시즌","승","패"
"","18:30","삼성 5vs3 NC","마산","-","2016-09-27 18:30","삼성",5,3,"NC","","정규시즌","패","승"
"09.28(수)","18:30","두산 12vs3 한화","대전","-","2016-09-28 18:30","두산",12,3,"한화","","정규시즌","패","승"
"","18:30","kt vs 롯데","사직","우천취소","2016-09-28 18:30","kt",NA,NA,"롯데","경기 없는 날","정규시즌",NA,NA
"","18:30","삼성 vs NC","마산","우천취소","2016-09-28 18:30","삼성",NA,NA,"NC","경기 없는 날","정규시즌",NA,NA
"09.29(목)","15:00","삼성 5vs10 NC","마산","-","2016-09-29 15:00","삼성",5,10,"NC","","정규시즌","승","패"
"","18:30","삼성 4vs5 NC","마산","-","2016-09-29 18:30","삼성",4,5,"NC","","정규시즌","승","패"
"","18:30","넥센 9vs1 두산","잠실","-","2016-09-29 18:30","넥센",9,1,"두산","","정규시즌","패","승"
"","18:30","kt 7vs9 롯데","사직","-","2016-09-29 18:30","kt",7,9,"롯데","","정규시즌","승","패"
"09.30(금)","18:30","SK 5vs3 LG","잠실","-","2016-09-30 18:30","SK",5,3,"LG","","정규시즌","패","승"
"","18:30","KIA vs 삼성","대구","우천취소","2016-09-30 18:30","KIA",NA,NA,"삼성","경기 없는 날","정규시즌",NA,NA
"","18:30","kt 4vs5 롯데","사직","-","2016-09-30 18:30","kt",4,5,"롯데","","정규시즌","승","패"
"","18:30","한화 7vs1 NC","마산","-","2016-09-30 18:30","한화",7,1,"NC","","정규시즌","패","승"
"10.01(토)","17:00","SK 5vs0 LG","잠실","-","2016-10-01 17:00","SK",5,0,"LG","","정규시즌","패","승"
"","17:00","kt vs KIA","광주","우천취소","2016-10-01 17:00","kt",NA,NA,"KIA","경기 없는 날","정규시즌",NA,NA
"","17:00","NC 8vs0 롯데","사직","-","2016-10-01 17:00","NC",8,0,"롯데","","정규시즌","패","승"
"10.02(일)","14:00","넥센 4vs1 한화","대전","-","2016-10-02 14:00","넥센",4,1,"한화","","정규시즌","패","승"
"","14:00","kt 1vs3 KIA","광주","-","2016-10-02 14:00","kt",1,3,"KIA","","정규시즌","승","패"
"","14:00","NC 11vs6 롯데","사직","-","2016-10-02 14:00","NC",11,6,"롯데","","정규시즌","패","승"
"10.03(월)","14:00","한화 13vs5 두산","잠실","-","2016-10-03 14:00","한화",13,5,"두산","","정규시즌","패","승"
"","14:00","LG 10vs3 삼성","대구","-","2016-10-03 14:00","LG",10,3,"삼성","","정규시즌","패","승"
"","14:00","kt 6vs9 KIA","광주","-","2016-10-03 14:00","kt",6,9,"KIA","","정규시즌","승","패"
"10.04(화)","18:30","롯데 5vs6 두산","잠실","-","2016-10-04 18:30","롯데",5,6,"두산","","정규시즌","승","패"
"","18:30","LG 4vs5 삼성","대구","-","2016-10-04 18:30","LG",4,5,"삼성","","정규시즌","승","패"
"","18:30","넥센 3vs1 NC","마산","-","2016-10-04 18:30","넥센",3,1,"NC","","정규시즌","패","승"
"10.05(수)","18:30","KIA 4vs2 삼성","대구","-","2016-10-05 18:30","KIA",4,2,"삼성","","정규시즌","패","승"
"","18:30","넥센 4vs8 NC","마산","-","2016-10-05 18:30","넥센",4,8,"NC","","정규시즌","승","패"
"","18:30","한화 7vs2 kt","수원","-","2016-10-05 18:30","한화",7,2,"kt","","정규시즌","패","승"
"10.06(목)","18:30","삼성 4vs3 KIA","광주","-","2016-10-06 18:30","삼성",4,3,"KIA","","정규시즌","패","승"
"","18:30","LG 4vs1 롯데","사직","-","2016-10-06 18:30","LG",4,1,"롯데","","정규시즌","패","승"
"","18:30","SK 2vs4 NC","마산","-","2016-10-06 18:30","SK",2,4,"NC","","정규시즌","승","패"
"10.07(금)","18:30","넥센 4vs5 롯데","사직","-","2016-10-07 18:30","넥센",4,5,"롯데","","정규시즌","승","패"
"","18:30","kt 6vs2 NC","마산","-","2016-10-07 18:30","kt",6,2,"NC","","정규시즌","패","승"
"10.08(토)","17:00","두산 11vs1 LG","잠실","-","2016-10-08 17:00","두산",11,1,"LG","","정규시즌","패","승"
"","17:00","삼성 6vs7 SK","문학","-","2016-10-08 17:00","삼성",6,7,"SK","","정규시즌","승","패"
"","17:00","KIA 5vs6 한화","대전","-","2016-10-08 17:00","KIA",5,6,"한화","","정규시즌","승","패"
"","17:00","넥센 vs 롯데","사직","우천취소","2016-10-08 17:00","넥센",NA,NA,"롯데","경기 없는 날","정규시즌",NA,NA
"","17:00","kt vs NC","마산","우천취소","2016-10-08 17:00","kt",NA,NA,"NC","경기 없는 날","정규시즌",NA,NA
"10.09(일)","14:00","넥센 5vs8 롯데","사직","-","2016-10-09 14:00","넥센",5,8,"롯데","","정규시즌","승","패"
"","14:00","kt 7vs4 NC","마산","-","2016-10-09 14:00","kt",7,4,"NC","","정규시즌","패","승"
"10.10(월)","18:30","KIA 4vs2 LG","잠실","-","2016-10-10 18:30","KIA",4,2,"LG","","와일드카드","패","승"
"10.11(화)","18:30","KIA 0vs1 LG","잠실","-","2016-10-11 18:30","KIA",0,1,"LG","","와일드카드","승","패"
"10.12(수)","","  ","","이동일","2016-10-12 ","",NA,NA,NA,"경기 없는 날","정규시즌",NA,NA
"10.13(목)","18:30","LG 7vs0 넥센","고척","-","2016-10-13 18:30","LG",7,0,"넥센","","준플레이오프","패","승"
"10.14(금)","18:30","LG 1vs5 넥센","고척","-","2016-10-14 18:30","LG",1,5,"넥센","","준플레이오프","승","패"
"10.15(토)","","  ","","이동일","2016-10-15 ","",NA,NA,NA,"경기 없는 날","정규시즌",NA,NA
"10.16(일)","14:00","넥센 1vs4 LG","잠실","-","2016-10-16 14:00","넥센",1,4,"LG","","준플레이오프","승","패"
"10.17(월)","18:30","넥센 4vs5 LG","잠실","-","2016-10-17 18:30","넥센",4,5,"LG","","준플레이오프","승","패"
"10.18(화)","","  ","","이동일","2016-10-18 ","",NA,NA,NA,"경기 없는 날","정규시즌",NA,NA
"10.19(수)","","  ","","이동일","2016-10-19 ","",NA,NA,NA,"경기 없는 날","정규시즌",NA,NA
"10.20(목)","","  ","","이동일","2016-10-20 ","",NA,NA,NA,"경기 없는 날","정규시즌",NA,NA
"10.21(금)","18:30","LG 2vs3 NC","마산","-","2016-10-21 18:30","LG",2,3,"NC","","플레이오프","승","패"
"10.22(토)","14:00","LG 0vs2 NC","마산","-","2016-10-22 14:00","LG",0,2,"NC","","플레이오프","승","패"
"10.23(일)","","  ","","이동일","2016-10-23 ","",NA,NA,NA,"경기 없는 날","정규시즌",NA,NA
"10.24(월)","18:30","NC 1vs2 LG","잠실","-","2016-10-24 18:30","NC",1,2,"LG","","플레이오프","승","패"
"10.25(화)","18:30","NC 8vs3 LG","잠실","-","2016-10-25 18:30","NC",8,3,"LG","","플레이오프","패","승"
"10.26(수)","","  ","","이동일","2016-10-26 ","",NA,NA,NA,"경기 없는 날","정규시즌",NA,NA
"10.27(목)","","  ","","이동일","2016-10-27 ","",NA,NA,NA,"경기 없는 날","정규시즌",NA,NA
"10.28(금)","","  ","","이동일","2016-10-28 ","",NA,NA,NA,"경기 없는 날","정규시즌",NA,NA
"10.29(토)","14:00","NC 0vs1 두산","잠실","-","2016-10-29 14:00","NC",0,1,"두산","","한국시리즈","승","패"
"10.30(일)","14:00","NC 1vs5 두산","잠실","-","2016-10-30 14:00","NC",1,5,"두산","","한국시리즈","승","패"
"10.31(월)","","  ","","이동일","2016-10-31 ","",NA,NA,NA,"경기 없는 날","정규시즌",NA,NA
"11.01(화)","18:30","두산 6vs0 NC","마산","-","2016-11-01 18:30","두산",6,0,"NC","","한국시리즈","패","승"
"11.02(수)","18:30","두산 8vs1 NC","마산","-","2016-11-02 18:30","두산",8,1,"NC","","한국시리즈","패","승"
